:020000040800F2
:10000000C836002025B2000869B000086DB00008AD
:1000100081B0000893B0000895B00008000000000F
:1000200000000000000000000000000097B0000881
:1000300099B00008000000009BB000089DB00008C7
:10004000A9B20008ADB20008B1B20008B5B200080C
:10005000B9B20008BDB20008C1B20008C5B20008BC
:10006000C9B20008CDB20008D1B20008A1B00008A2
:10007000D5B20008D9B20008DDB20008E1B200082C
:10008000E5B20008E9B20008EDB20008F1B20008DC
:10009000F5B20008F9B20008FDB2000801B300088B
:1000A00005B3000809B300080DB3000811B3000838
:1000B00015B3000819B300081DB3000821B30008E8
:1000C00025B3000829B300082DB3000831B3000898
:1000D00035B30008A7B0000839B300083DB30008E5
:1000E00041B3000845B300080000000049B3000810
:1000F0004DB3000851B3000855B3000859B30008C8
:100100005DB3000861B3000865B3000869B3000877
:100110006DB3000871B3000875B3000879B3000827
:100120007DB3000881B3000885B3000889B30008D7
:100130008DB3000891B3000895B3000899B3000887
:1001400000000000000000000000000000000000AF
:100150009DB30008A1B30008A5B30008A9B3000827
:10016000ADB30008B1B30008B5B30008B9B30008D7
:10017000BDB30008C1B30008C5B30008C9B3000887
:10018000CDB30008D1B30008D5B30008D9B3000837
:10019000ADB00008DDB30008E1B30008E5B3000826
:1001A000E9B30008EDB30008F1B30008F5B30008A7
:1001B000F9B30008FDB3000801B4000805B4000855
:1001C00009B400080DB4000811B4000815B4000803
:1001D00019B400081DB4000821B4000825B40008B3
:1001E00029B400082DB4000831B4000835B4000863
:1001F00039B400083DB4000841B4000845B4000813
:1002000049B400084DB4000851B4000855B40008C2
:1002100059B400085DB4000861B4000865B4000872
:1002200069B400086DB4000871B400080000000053
:1002300075B4000879B40008000000007DB400081F
:1002400081B4000885B4000889B400088DB40008A2
:1002500091B4000895B4000899B400089DB4000852
:10026000A1B40008A5B40008A9B40008ADB4000802
:10027000B1B40008B5B40008B9B40008000000002B
:10028000BDB40008C1B40008C5B4000800000000F7
:1002900000000000C9B400082DE9F84F044601F041
:1002A0002FFC002C00F035812168DFF890B604F1B6
:1002B0003405DFF88C66DFF88C76DFF88C86DFF8A3
:1002C0008C96DFF88CA6594518BF51452AD0494570
:1002D00018BF414526D0B94218BFB14222D001F023
:1002E00031FA1CBFDFF86C3699421BD001F022FABC
:1002F0001CBFDFF86426914214D000F03CFE1CBF06
:10030000DFF8582691420DD001F008FA1CBFDFF843
:100310005036994206D001F0FDF91CBFDFF84426A3
:1003200091424BD1022300226B7059452A7018BFAD
:1003300051452AD0494518BF414526D0B94218BF7A
:10034000B14222D001F0FEF91CBFDFF80836994215
:100350001BD001F0EFF91CBFDFF8FC25914214D04F
:1003600000F009FE1CBFDFF8F42591420DD001F02A
:10037000D5F91CBFDFF8E835994206D001F0CAF97B
:100380001CBFDFF8E025914248D18E467346DEF867
:100390000010490849001960009023681868C107D7
:1003A00043D501F0ADFB009A801A0628F5D304F17D
:1003B00034002021016203224270AAE0DFF8A80580
:1003C00081421CBFDFF8A425914218D0DFF8A03588
:1003D00099421CBFDFF89C05814210D0DFF89825B8
:1003E00091421CBFDFF89435994208D0DFF89005A0
:1003F00081421CBFDFF80029914240F08680022133
:1004000000206970287023681B68A06840286FF37B
:10041000101340F0808043F0100380E00B461A4632
:100420001968490849001160B6E7D3F800C0A1680F
:10043000DFF85005E26800EA0C00084342EA0001D8
:100440002069A26900F0FDF8626A0843216A01434D
:10045000042A03D1E06A0843216B0143DFF8282511
:10046000D2F800C04FEA1C400004B0F1005F11D385
:100470006068A0F12902062A24BFA0F13F02042AE5
:1004800006D3A0F14702022A24BF4F38042801D224
:1004900041F48011196023685A69606AD20840EA01
:1004A000C20204280ED1D4F828E0E06A4EEA020223
:1004B00040B1A16969B9BEF1000F18BFBEF1020FCA
:1004C0001CD011D35A61204601F010FA00F0C8F890
:1004D00042E0B1F5005F0BD1BEF1030FF2D8DFE8C7
:1004E0000EF00F0D0F03EDE7B0F1C07FEAD107E08A
:1004F000BEF1020F04D9BEF10301E3D1C001E1D581
:10050000402101222962012098E040200321286235
:100510006970012093E0802808BF43F48043E168BC
:100520002069A2694FF0140C00F08BF82268084390
:10053000216A43EAD003DFF8540443EA111313603D
:100540002368C318B3FBFCFC4FEA8C00A86220466A
:1005500001F0CCF900F07CF82068584518BF5045F0
:100560004CD0484518BF404548D0B84218BFB042AB
:1005700044D0DFF81C1488421CBFDFF8D823904217
:100580003CD0DFF8103498421CBFDFF8CC1388420F
:1005900034D000F0CFF91CBFDFF8C03398422DD023
:1005A00000F0C4F91CBFDFF8B823904226D000F059
:1005B000B9F91CBFDFF8AC1388421FD0DFF8A823BD
:1005C00090421CBFDFF8A433984217D0DFF8A01385
:1005D00088421CBFDFF89C2390420FD0DFF898338D
:1005E00098421CBFDFF89413884207D0DFF89023AD
:1005F00090421CBFDFF8003798421BD1204601F023
:10060000D1F9A068802804BF00216160E96A2079DF
:100610000860286B6A6B4260606838B1092805D2AF
:10062000204601F009FA00F023F803E00021A96355
:10063000E963296400210122296200206A70BDE873
:10064000F28F08436169084342EA0001E06970479C
:1006500095F82820012102F01F0291404160704767
:1006600095F828203F2102F01F02914081607047D9
:10067000A96B00200860E86B2A6C426070472DE986
:10068000F84F04004FF0000B08BF012005D004F123
:1006900034063078012808BF022000F03481012799
:1006A00037707078012840F027814FF0020C002746
:1006B00086F801C0DFF884A237622068A24FDFF815
:1006C0008C82DFF88C92504518BF48452AD04045AF
:1006D00018BFB84226D09B4DA8421CBF984DA842D7
:1006E00020D0AB4DA8421CBF9A4DA8421AD0A94DAC
:1006F000A8421CBF984DA84214D0DFF81056A8425B
:100700001CBF964DA8420DD0DFF80456A8421CBF6E
:10071000934DA84206D0DFF8FC55A8421CBF914D6E
:10072000A84208D120680068D4F800C04008400002
:10073000CCF8000009E02568D5F800E04FEA5E003B
:100740004FEA400E2846C0F800E0204601F002F8CB
:100750002068504518BF48452AD0404518BFB842C8
:1007600026D0784988421CBF754A904220D0884BD9
:1007700098421CBF774988421AD0864A90421CBFD3
:10078000754B984214D0DFF8841588421CBF734A19
:1007900090420DD0DFF8783598421CBF70498842EE
:1007A00006D0DFF8702590421CBF6E4B98420DD1E9
:1007B00021680B200A6860F344020B461A60F06857
:1007C00090B12068016841F008010CE02168052023
:1007D0000A6860F343020B461A60F06820B1206893
:1007E000016841F004010160206800F087FADFF839
:1007F00050C1DFF850E1504518BF48453ED0404554
:1008000018BFB8423AD0704518BF604536D09842FC
:1008100018BF904232D088421CBF4F4DA8422DD005
:10082000DFF8E854A8421CBF4C4DA84226D0DFF8A0
:10083000E054A8421CBF4A4DA8421FD0DFF8D45450
:10084000A8421CBF474DA84218D0474DA8421CBF24
:10085000464DA84212D0464DA8421CBF454DA84265
:100860000CD0454DA8421CBF444DA84206D0444D73
:10087000A8421CBFDFF88054A8420FD1F06A056877
:10088000ED0303D5056845F480750560B06B28B1AC
:1008900005462E46286840F4807030602068504538
:1008A00018BF484522D0404518BFB8421ED07045F9
:1008B00018BF60451AD0984218BF904216D088429F
:1008C0001CBF2549884211D000F034F81CBF234BCF
:1008D00098420BD000F02AF81CBF214A904205D064
:1008E00000F020F81CBF1F49884202D100F00DF82B
:1008F00008E000F010F805E04FF40063336286F87A
:1009000000B0BB465846BDE8F28F0268034642F08D
:1009100001021A60704701460A46086840F001006B
:1009200010607047DFF8EC3398427047DFF8E0134F
:1009300088427047DFF8D42390427047100002408D
:10094000880002407000024058000240400002400F
:1009500028000240B8000240280402405804024027
:1009600088040240B8040240085402581C5402583B
:100970003054025844540258585402586C54025887
:10098000805402583F8010FE0010005CF8ABFDA7B9
:10099000A0000240100402402DE9F84F044601F087
:1009A000AFF8002C009008D004F1340041780229FF
:1009B00004D08022002302620370E6E02568DFF89D
:1009C000C06500F09BF9DFF8BC95DFF8BCB5DFF837
:1009D000BCC5DFF8BCE5DFF8BC85B54218BF4545AE
:1009E00026D0754518BF654522D05D4518BF4D45D9
:1009F0001ED09D4218BF95421AD08D421CBFDFF811
:100A00009875BD4214D0C14FBD421CBFDFF88C7534
:100A1000BD420DD0BE4FBD421CBFDFF88475BD4244
:100A200006D0BC4FBD421CBFDFF87875BD420CD16B
:100A30002D68276825F01E053D602568D5F814A0AF
:100A40002AF0800AC5F814A006E02F46BA463D6891
:100A500025F00E05CAF80050D4F800A02568B2456C
:100A600018BFC24546D0F24518BFE24542D0DA452C
:100A700018BFCA453ED09A4518BF92453AD08A451C
:100A80001CBFDFF81475BA4534D0A04FBA451CBF5F
:100A9000DFF80875BA452DD09D4FBA451CBFDFF869
:100AA0000075BA4526D09B4FBA451CBFDFF8F474D9
:100AB000BA451FD0DFF8F074BA451CBFDFF8EC74FC
:100AC000BA4517D0DFF8E874BA451CBFDFF8E47404
:100AD000BA450FD0DFF8E074BA451CBFDFF8DC740C
:100AE000BA4507D0DFF8D874BA451CBFDFF87C746C
:100AF000BA4506D1C06AD0F800A02AF4807AC0F8BE
:100B000000A02068B04218BF404526D0704518BFED
:100B1000604522D0584518BF48451ED0984218BF9E
:100B200090421AD088421CBFDFF86C14884214D05F
:100B3000FFF700FF1CBFDFF8643498420DD0FFF7C9
:100B4000F5FE1CBFDFF85824904206D0FFF7EAFEFE
:100B50001CBFDFF85014884219D181464A46D9F8A3
:100B60000000400840001060009E2868C10715D5AD
:100B700000F0C6FF801B0628F7D304F134002021C3
:100B8000016203234370002404700120B2E0024696
:100B900011461068400840000860E5E72668C64630
:100BA000D946DFF8DC8304F13401DFF860A1DFF817
:100BB0001404DFF81424DFF81434DFF8C853DFF826
:100BC000CCB3DFF8CCC3464518BF764525D0664583
:100BD00018BF5E4521D04E4518BFAE421DD09E4283
:100BE00018BF964219D086421CBFDFF8AC73BE42D4
:100BF00013D056451CBFDFF8A473BE420DD0444F3E
:100C0000BE421CBFDFF89873BE4206D0414FBE42C1
:100C10001CBFDFF89073BE4208D191F828703F26C0
:100C200007F01F07BE404F6ABE6007E091F82870CA
:100C3000012607F01F07BE404F6A7E6024684445C6
:100C400018BF744544D0644518BF5C4540D04C453E
:100C500018BFAC423CD09C4218BF944238D084426A
:100C60001CBFDFF83403844232D054451CBFDFF888
:100C70002C2394422CD0264B9C421CBFDFF820032F
:100C8000844225D0234A94421CBFDFF818339C428B
:100C90001ED0DFF8140384421CBFDFF810239442F7
:100CA00016D0DFF80C339C421CBFDFF808038442E7
:100CB0000ED0DFF8042394421CBFDFF800339C42BF
:100CC00006D0DFF8FC0284421CBFA84A94420CD133
:100CD0000C6B4B6B6360886B38B103461A6822F467
:100CE00080720260CA6B0B6C536001200023487055
:100CF00000200B70BDE8F28F94540258DFF8C41244
:100D0000DFF8C422DFF8C43270470000400402401C
:100D100070040240A00402402DE9F84F30B100F108
:100D200034025178022903D080201062012013E19F
:100D30000168DFF84CA2DFF86032DFF88842DFF8A4
:100D4000885200F00BF9DFF844E2DFF84482DFF864
:100D50004492514518BF494527D0414518BF7145B8
:100D600023D0614518BF59451FD0B14218BFA942D1
:100D70001BD0A14218BF994217D0DFF85472B94274
:100D80001CBFDFF81872B9420FD0DFF84872B942C1
:100D90001CBFDFF80C72B94207D0DFF83C72B942D1
:100DA0001CBFDFF80072B94233D104275145577098
:100DB00018BF494526D0414518BF714522D061452D
:100DC00018BF59451ED0B14218BFA9421AD0A1423E
:100DD00018BF994216D0DFF8F82191421CBFDFF806
:100DE000BC3199420ED0DFF8EC41A1421CBFDFF8C4
:100DF000B021914206D000F0BBF81CBFDFF8A4413F
:100E0000A14230D10A46084615686D086D0005609C
:100E1000A1E00968076821F00E01396001685145B9
:100E200018BF494526D0414518BF714522D06145BC
:100E300018BF59451ED0B14218BFA9421AD0A142CD
:100E400018BF994216D0DFF88871B9421CBFDFF88D
:100E50004C71B9420ED0DFF87C71B9421CBFDFF88B
:100E60004071B94206E00A46084613685B085B0019
:100E7000036070E009680768490849003960016843
:100E8000514518BF494545D0414518BF714541D02E
:100E9000614518BF59453DD0B14218BFA94239D06C
:100EA000A14218BF994235D000F065F81CBFDFF8A9
:100EB000EC40A1422ED0DFF81C51A9421CBFDFF844
:100EC000E030994226D0DFF81041A1421CBFDFF884
:100ED000D450A9421ED0DFF8D03099421CBFDFF8B1
:100EE000CC40A14216D0DFF8C850A9421CBFDFF8A1
:100EF000C43099420ED0DFF8C040A1421CBFDFF8D9
:100F0000BC50A94206D0DFF8B83099421CBF174C3C
:100F1000A14219D1D16A0B6823F480730B6092F857
:100F20002840536A012104F01F04A1405960156B49
:100F3000546B6C60916B39B10C46236823F4807359
:100F40000B60D36B146C5C60012100245170D1697B
:100F5000147001B188470020BDE8F28FDFF86C60A3
:100F6000DFF820B0DFF820C070470000945402582A
:100F7000194B99427047164B994270470000000088
:100F800010000240880002407000024058000240F9
:100F90004000024028000240280402405804024059
:100FA00088040240B8040240085402581C540258F5
:100FB0003054025844540258585402586C54025841
:100FC0008054025810040240B8000240A0000240C1
:100FD0004004024070040240A00402402DE9FE4F8C
:100FE0000021DFF8005901912A684FF41653044696
:100FF00004F13405DFF8F0B8B2FBF3F30293686A4A
:10100000009008220123DFF878790146DFF874891F
:101010000E680168D4F800C0DFF86C99DFF86CA99D
:10102000DC4518BFD44531D0CC4518BFC4452DD0C0
:10103000BC451CBFDFF858E9F44527D0DFF858EA73
:10104000F4451CBFDFF84CE9F4451FD0DFF84CEA4B
:10105000F4451CBFDFF840E9F44517D0DFF840EA5B
:10106000F4451CBFDFF834E9F4450FD0DFF834EA6B
:10107000F4451CBFDFF828E9F44507D0DFF828EA7B
:10108000F4451CBFDFF824EAF44541D100F03DFBF4
:1010900002FA00F0064200F09580DC4518BFD44506
:1010A00031D0CC4518BFC4452DD0BC451CBFDFF89E
:1010B000E0188C4527D0DFF8E00984451CBFDFF835
:1010C000D40884451FD0DFF8D4198C451CBFDFF845
:1010D000C808844517D0DFF8C80984451CBFDFF86D
:1010E000BC188C450FD0DFF8BC0984451CBFDFF865
:1010F000B008844507D0DFF8B0198C451CBFDFF875
:10110000AC0984454AD1DCF8000000F0040049E055
:10111000DFF80869B4451CBFDFF80469B44518D08E
:10112000DFF80069B4451CBFDFF8FC68B44510D097
:10113000DFF8F868B4451CBFDFF8F468B44508D0A0
:10114000DFF8F068B4451CBFDFF80066B44540F036
:10115000D682DCF8006095F828C04FF0040E0CF041
:101160001F0C0EFA0CFE11EA0E0FCDF800E000F095
:1011700040825FEA467E40F13C8200994160300443
:1011800040F1ED81F10300F12C826969002900F042
:10119000B682204603B0BDE8F04F084760460068BD
:1011A00000F0080070B1DCF80000614620F0040097
:1011B000086000F0AAFA824000988260296A41F033
:1011C0000101296200F0A1FA26FA00F1C9073DD514
:1011D0002168594518BF51452ED0494518BF414592
:1011E0002AD0B9421CBFDFF8A827914224D000F0D2
:1011F000A9FA1CBFDFF89C2791421DD000F09AFA93
:101200001CBFDFF89427914216D0DFF89428914252
:101210001CBFDFF8882791420ED000F07FFA1CBF78
:10122000DFF87C27914207D000F074FA1CBFDFF88A
:101230007C28914240F0938049690A0606D5834094
:1012400000988360296A41F00201296295F828100C
:10125000042000F056FA06423FD02168594518BFD5
:1012600051452FD0494518BF41452BD0B9421CBF2D
:10127000DFF81C27914225D0DFF81C3899421CBFAB
:10128000DFF8102791421DD000F054FA1CBFDFF8A0
:101290000837994216D0DFF8082891421CBFDFF8C2
:1012A000FC2691420ED0DFF8FC3799421CBFDFF8D4
:1012B000F026914206D000F02DFA1CBFDFF8EC3783
:1012C00099424ED1D1F800C05FEA8C7205D50099E1
:1012D0008860286A40F00400286295F828001021F0
:1012E00000F01F0081400E425CD02068584518BFB6
:1012F000504530D0484518BF40452CD0B8421CBF9F
:10130000DFF88C26904226D0DFF88C3798421CBF3D
:10131000DFF8802690421ED0DFF8802790421CBF65
:10132000DFF87436984216D0FFF704FB1CBFDFF8D5
:101330006C2690420FD0DFF86C3798421CBFDFF864
:101340006026904207D0DFF8602790421CBFDFF88C
:101350005C37984209D1006800F0080008E00A688C
:1013600074E70B46D3F800C0B7E7006800F004004C
:10137000C0B100988160206801684A0307D5006801
:1013800001030BD5696969B1204688470AE0016805
:10139000CA0503D4036823F008030360E96809B1B0
:1013A0002046884795F82800202100F01F00814042
:1013B0000E423FD02068584518BF504531D04845AF
:1013C00018BF40452DD0B8421CBFDFF8C42590425D
:1013D00027D0DFF8C43698421CBFDFF8B865B042AA
:1013E0001FD0DFF8B82690421CBFDFF8AC3598421A
:1013F00017D0DFF8AC66B0421CBFDFF8A0259042E2
:101400000FD0DFF8A03698421CBFDFF89465B042D9
:1014100007D0DFF8942690421CBFDFF89036984240
:1014200003D1006800F0100003E00246106800F0ED
:101430000200002846D0009881602068697804295D
:1014400026D1026822F0160202602068416921F06C
:1014500080014161E868002804BF6969002904D05F
:101460002068026822F00802026095F82810009AAD
:101470003F20002300F045F9906001206870E96981
:101480002B70002920D0204603B0BDE8F04F08475C
:1014900001684A0307D5006801030FD4296989B19F
:1014A000204688470EE00168CA0507D4036800217A
:1014B00023F010030360012068702970A96809B146
:1014C00020468847286A002800F01981296AC80741
:1014D00044D504226A702068584518BF504525D06D
:1014E000484518BF404521D0B8421CBFDFF8A014C2
:1014F00088421BD000F022F91CBFDFF898349842D4
:1015000014D0DFF8981588421CBFDFF88C24904275
:101510000CD000F00BF91CBFDFF88014884205D016
:1015200000F000F91CBFDFF878349842236818688F
:1015300040084000194608600298019A521C9042E7
:101540000192216802D30A68D307F6D40868C1075C
:101550004CBF032201226A7000202870C8E0B00648
:101560003FD42068584518BF50452ED0484518BF75
:1015700040452AD0B8421CBFDFF81414884224D05A
:1015800000F0DCF81CBFDFF80C3498421DD0DFF807
:101590000C1588421CBFDFF80024904215D000F0E3
:1015A000C5F81CBFDFF8F41388420ED000F0BAF87B
:1015B0001CBFDFF8EC33984207D0DFF8EC14884208
:1015C0001CBFDFF8E824904206D10346194618688C
:1015D00020F00800086004E00646326822F00402A9
:1015E0000260E968002918D0204603B0BDE8F04F3A
:1015F00008474FF0020E0EFA0CFE11EA0E0FCDF85E
:1016000000E05DD05FEA867E5AD5009941603004E3
:1016100009D5F1034DD42969002970D0204603B0C3
:10162000BDE8F04F0847B00643D42068584518BFBE
:1016300050452ED0484518BF40452AD0B8421CBF5F
:10164000DFF84C13884224D000F078F81CBFDFF894
:10165000443398421DD0DFF8441488421CBFDFF8A1
:101660003823904215D000F061F81CBFDFF82C132E
:1016700088420ED000F056F81CBFDFF824339842A1
:1016800007D0DFF8241488421CBFDFF820249042E2
:1016900006D103461946186820F01400086004E0DB
:1016A0000646326822F00A020260012100226970B7
:1016B0002A70A96819B3204603B0BDE8F04F084767
:1016C00002FA0CF211421AD0360718D52768396889
:1016D00021F00E013A46116095F8286001210022A0
:1016E00006F01F06B34043600120286269702A702B
:1016F000A96921B1204603B0BDE8F04F0847BDE815
:10170000F78F01F01F018840704795F8280000F01E
:101710001F007047DFF8902391427047DFF8842361
:1017200091427047DFF87C2390427047DFF87033B6
:1017300098427047DFF8642391427047DFF85823DE
:1017400090427047DFF850239142704794540258FA
:10175000406D70472DE9F84F0446DFF88CA1A56D68
:10176000DFF82CB200952668DFF814C2DFF814E227
:10177000DFF81482DFF81492564518BF4E4543D067
:10178000464518BF76453FD0664518BF5E453BD0FD
:10179000DFF8040386421CBF7E4FBE4234D0DFF820
:1017A000FC0286421CBF7C4886422DD0DFF8F072D6
:1017B000BE421CBF7948864226D0DFF8E802864246
:1017C0001CBF774FBE421FD0DFF8DC0286421CBF31
:1017D000DFF8D802864217D0904FBE421CBF904817
:1017E000864211D08F4886421CBF8F4FBE420BD01D
:1017F0008E4886421CBF8E48864205D08D48864260
:101800001CBFAB4886425BD1606EA76E4760E06E3E
:1018100010B1206F676F4760564518BF4E4525D001
:10182000464518BF764521D0664518BF5E451DD098
:10183000994886421CBF5748864217D0974886422F
:101840001CBF5548864211D0954886421CBF53485C
:1018500086420BD0934886421CBF5148864205D031
:10186000914886421CBF9148864215D194F85C008D
:10187000DDF800B03F2500F01F008540CBF8085090
:10188000356825F4802535607360A068402825D030
:10189000B160F260BDE8F18F604886421CBF6048CD
:1018A000864210D05F4886421CBF5F4886420AD0FD
:1018B0005E4886421FBF5E4886425E48864202D02E
:1018C0007B488642E6D194F85C70012007F01F0740
:1018D000B84068607360A0684028D9D1B260F160F8
:1018E000D8E70000B00000201000024070B5016889
:1018F000704A91421CBF254B994229D0224CA142EB
:101900001CBF204A914223D01D4B99421CBF204C42
:10191000A1421DD0FFF716FF1CBF1E4B994217D0E6
:101920005E4CA1421CBF1C4A914211D0FFF723FB21
:101930001CBF1A4CA1420BD0FFF7F0FE1CBF184B86
:10194000994205D0584CA1421CBF584EB14211D10A
:1019500001F0FF02890A103A1825B2FBF5F20FF2E6
:10196000981302F0070489021E5D042AC66503D39A
:10197000091D01E0090A09028165084670BD0000E1
:10198000700002405800024040000240280002401F
:1019900088000240B8000240280402405804024077
:1019A00088040240F0B5016801231C4D0A46A94293
:1019B0001CBF1B4EB14211D01A4FB9421CBF1A4D69
:1019C000A9420BD0194EB1421CBF194FB94205D0E4
:1019D000184DA9421CBF364EB14208D101F0FF0498
:1019E000083C1421344AB4FBF1F434490CE001F012
:1019F000FF043349103C18258A18A92AB4FBF5F4D2
:101A000038BF08342F49304A01EB840104F01F0429
:101A1000A340016642668366F0BD00000854025888
:101A20001C54025830540258445402585854025816
:101A30006C540258805402580179002900D1704733
:101A4000092970B527D20268204B9A421CBF204D4D
:101A5000AA4211D01F4EB2421CBF1F4B9A420BD05C
:101A60001E4DAA421CBF1E4EB24205D01D4B9A42CB
:101A70001CBF0F4DAA4204D11B4A02EB81041B4A32
:101A800003E01B4B1B4A03EB810402670122491E42
:101A90008A40C466426770BDA00002401004024044
:101AA0004004024070040240A0040240B804024016
:101AB00094540258100002408058025800580258AE
:101AC000F0FBFDBF000802408008024008540258A5
:101AD0001C54025830540258445402585854025866
:101AE0006C54025880540258FC580258405902580D
:101AF000FC080240400902400006101600061016BD
:101B000001484068704700BFA400002038B50400B9
:101B100001D1012032BD04F18405686818B900F0D4
:101B200026F800F029F800F019F808B100F036F8AE
:101B300000F031F8012806D0206800F005F800F028
:101B400023F800F08EBA32BD416821F49041416023
:101B50002068826822F02A02826070472420686030
:101B600020680268520852000260A06A7047002193
:101B70002046297000F078BA286C10B9DFF8582197
:101B80002A64296C204608472068016841F0010159
:101B9000016020467047204600F098BA204600F0C9
:101BA00099BC2DE9F843064606F15407786B0C46BC
:101BB00015469946202841D10CB1280001D10120B9
:101BC0003DE000202121F8637963FFF799FF3D8014
:101BD0007D80B268B2F5805F04BF316900291ABF09
:101BE00021464FF00008A04605460C4612E00022B0
:101BF0008021304600F034FDE0B93068002C12BF7F
:101C000014F8011B38F8021BC1F3080181627A88BD
:101C1000511E79807888CDF800902B460028E6D1B7
:101C200000224021304600F01BFD18B920207863C7
:101C3000002004E020210320796300E00220BDE8B9
:101C4000F28370B50346D3F88C0020280AD109B17D
:101C5000100001D1012070BD00F006F8BDE8704011
:101C600000F047BD022070BD0020DFF84C44D8666C
:101C70001868A0420CD04068060209D51C6854E8D8
:101C8000004F1D6844F0806445E800400028F5D10D
:101C9000184670472022816941F008018161704730
:101CA000236803F1080555E8001F03F1080221F03D
:101CB000400142E8001000287047206850E8001FEB
:101CC0007047206881684A06704700F1080242E8C0
:101CD0000010002870470000DB6600082DE9F8437B
:101CE000044640F60F0C226804F15C05D6691046E4
:101CF0000768936816EA0C0F06F0200107F0200031
:101D00000DD1002914D010B9D80040F19580A969EF
:101D1000002900F094812046BDE8F4430847DFF82D
:101D20004CC713EA0C0F04BFDFF844E717EA0E0FA5
:101D300000F082805FEAC67848BF5FEAC75E07D5D9
:101D40004FF00109C2F820906A6B42F001026A6309
:101D5000B2070CD5DA070AD5D4F800E00222CEF893
:101D60002020D5F8348048F00408C5F83480720784
:101D70000CD5DA070AD5D4F800E00422CEF82020EA
:101D8000D5F8348048F00208C5F8348032070FD502
:101D9000002808BF13EA0C0F0AD0D4F800C00822AC
:101DA000CCF82020D5F834E04EF0080EC5F834E029
:101DB000320509D57F0107D522684FF40066166207
:101DC0006F6B47F020076F636A6B002A33D031B125
:101DD00008B9D80003D5A96909B120468847686BBE
:101DE00021688A68530602D410F0280F1ED02046BE
:101DF00000F008FDFFF765FF13D5FFF751FFFCD199
:101E000004F15C05686A60B1DFF868160165686A0C
:101E1000FEF782FF00280ED0686A016DBDE8F4432A
:101E200008472046AA6CBDE8F2431047A96C20463B
:101E3000884700236B6302E12869012840F0BD80D8
:101E4000F10600D5F80640F1B8801023136221682E
:101E50008868420674D56A6ADFF81C1610688842E2
:101E60001CBFDFF8183698422ED0DFF81466B04257
:101E70001CBFDFF81016884226D0DFF80C369842D7
:101E80001CBFDFF80866B0421ED0DFF80416884297
:101E90001CBFDFF80036984216D0DFF8FC65B04270
:101EA0001CBFDFF8F81588420ED0DFF8F4359842F1
:101EB0001CBFDFF80862B04206D0DFF80412884287
:101EC0001CBFDFF8003298424068298880B20028A1
:101ED00028D0884226DA6880D069B0F5807F18D093
:101EE00000F00CFEFCD100F0A3FBFCD100F0A9F83F
:101EF000FCD12020002128632961236853E8001FBA
:101F000021F010011A46FFF7E2FEF6D1686AFEF7EB
:101F100043FD02216961298868886A6E091A89B2BD
:101F2000204647E0884204BFD369B3F5807F40F084
:101F300086800220686120466B6EBDE8F443184736
:101F400029886A886888891A00281CBF88B20028F6
:101F500075D02246136853E8003F146823F4907349
:101F600044E800300028F5D11568DFF8E80805F1ED
:101F7000080454E8004F05F10803044043E800401A
:101F80000028F1D102F15C002023036300240461E6
:101F90008461106850E8003F23F01003044644E8D1
:101FA00000300028F5D102F15C0302205861104690
:101FB00089B25A6EBDE8F8431047F00209D55902BC
:101FC00007D54FF4801320461362AA6DBDE8F24393
:101FD0001047300609D5390601D4180205D5E9693C
:101FE00069B32046BDE8F4430847700615D5790665
:101FF00013D5236853E8001F21F040011A46FFF76C
:1020000066FEF6D104F15C012020C8620022CA619C
:102010002046C96BBDE8F4430847300206D5790075
:1020200004D520462A6EBDE8F2431047F00148BFB0
:10203000002F04D52046EA6DBDE8F2431047BDE805
:10204000F183216801F1080353E8001F206821F0A3
:10205000400100F1080242E80010002870472021EA
:102060005160BDE8324099E210B5DFF8F017DFF8B3
:10207000F02740F8941FDFF8EC374260DFF8E817EC
:10208000DFF8E82783600161DFF8E4374261DFF8B9
:10209000E417DFF8E4278361C161DFF8E0470262FB
:1020A000DFF8DC37DFF8DC17074AC460436281627F
:1020B000C26210BD00000000000C0058580402402D
:1020C0007004024088040240BFAE00082DE9F041D0
:1020D00086B004462168DFF8B00700250E68A268C4
:1020E0002369064060691643E2691E4306431643AE
:1020F000DFF864270E604B68E06823F44053034325
:1021000091424B60A6691CBF206A06438F68DFF8C6
:102110007C371F403E438E60CE6A606ADFF870777E
:10212000DFF870373609B94240EA0616CE620FF280
:10213000743645D1586D10F0380000F09A800828A8
:1021400000F0D080102848D0182857D0202800F060
:102150006780282800F077804FF0800C9142DFF8EC
:102160003807DFF838E74FF4004840F0E680BCF16C
:10217000040F00F0BA80BCF1080F00F0BB80BCF186
:10218000100F00F0BC80BCF1200F00F0C080BCF14B
:10219000400F00F0BE805BE101F084F9002800F000
:1021A0005881626A36F81260626802EB4201B0FB45
:1021B000F6F68E4203D31303B34280F0AC8047E1BE
:1021C000DFF8DC76B9420BD100F07FF9C4D8DFE844
:1021D00000F075890415273ABEE74FF0080CBDE7FB
:1021E000DFF8C076B9420CD100F06FF9B4D8DFE85F
:1021F00000F065790405172AAEE7EEE74FF0100C02
:10220000ACE7DFF8E077B9420DD100F05EF9A3D872
:10221000DFE800F05468050406199DE7EEE7DCE707
:102220004FF0200C9AE7DFF8C077B9420ED100F0EA
:102230004CF9F2D8DFE800F04256060504078BE7B8
:10224000EEE7DBE7C9E74FF0400C87E7DFF89C7764
:10225000B94211D1586D10F038000AD0082841D089
:102260001028BAD01828C9D02028D9D02828EAD0D8
:1022700072E74FF0010C71E7DFF87477B9420CD1C7
:1022800000F023F9F4D8DFE800F0192D0706050463
:1022900062E7D8E7C4E7B1E79FE7DFF83C78B942E7
:1022A0000ED100F012F9F3D8DFE800F0081C0706A1
:1022B000050451E7C7E7B3E7A0E78EE7AC464DE773
:1022C0009142F6D1986D00F00700052804D8DFE8A8
:1022D00000F00809070605043EE7B4E7A0E78DE72C
:1022E0007BE759E74FF0040C38E703A801F0EAF860
:1022F000049853E7684601F011F901984EE7196810
:102300008A0605D51F68C7F3C101C84046E7704675
:1023100047E7404645E75008002110EB062051EB07
:102320001661002301F0A0FAA0F54076DFF8C81787
:102330008E421DD22768F8608BE0E1694FF6F07796
:10234000B1F5004F44D1BCF1000F12D0BCF1010F28
:1023500025D0BCF1040F25D0BCF1080F27D0BCF16B
:10236000100F29D0BCF1200F2ED0BCF1400F2DD082
:102370006EE001F0B4FC00286BD000F09FF84E082E
:1023800006EB4006B6FBF1F0A0F11001B9425FD2B6
:102390000740C0F3420007432068C76059E001F0DE
:1023A000A6FCE8E703A801F08DF80498E3E7684687
:1023B00001F0B4F80198DEE719688A06DDD51968DE
:1023C000C1F3C101C840D6E77046D6E74046D4E71E
:1023D000BCF1000F12D0BCF1010F20D0BCF1040FF2
:1023E00020D0BCF1080F22D0BCF1100F24D0BCF1DA
:1023F000200F29D0BCF1400F28D029E001F06FFC5C
:1024000038B300F05BF800EB5100B0FBF1F0A0F145
:102410001001B9421CD2226880B2D06019E001F0EC
:1024200066FCEDE703A801F04DF80498E8E768467C
:1024300001F074F80198E3E719688A06E1D5196894
:10244000C1F3C101C840DBE77046DAE74046D8E790
:10245000012504F168000121002341800180C3604F
:102460000361284606B0BDE8F081000001000010BD
:1024700020010004C9280008100002402800024082
:1024800040000240580002407000024088000240B4
:10249000A0000240B800024010040240280402409C
:1024A00040040240010002000400060008000A0087
:1024B0000C0010002000400080000001626A61688A
:1024C00036F81230B0FBF3F07047586D00F007009B
:1024D0000528704710B590F828100A0706D502683D
:1024E0005368816B23F400430B43536090F828201A
:1024F000D10706D502685368C16A23F400330B4341
:10250000536090F82820910706D502685368016B44
:1025100023F480330B43536090F82820510706D5ED
:1025200002685368416B23F480230B43536090F897
:102530002820D10606D502689368C16B23F4805326
:102540000B43936090F82820910606D502689368A3
:10255000016C23F400530B43936090F8282051063C
:1025600010D502685368416C23F480130B43536009
:10257000446CB4F5801F05D15368816C23F4C0030B
:102580000B43536090F82820110606D501684A686D
:10259000C06C22F4002202434A6010BDF8B5044624
:1025A00004F1840500216FF07E47E960FFF7A8FA87
:1025B0000646206801680A0715D5009733460022B1
:1025C0004FF40011204600F04BF860B1FFF775FBA7
:1025D00021F080010246FFF77AFBF7D104F1840075
:1025E0002021416016E0206801684A0716D500974F
:1025F000334600224FF48001204600F031F868B1E4
:1026000000F024F8FCD100F013F8FCD104F18400B0
:1026100020218160002202700320F2BD20202021B1
:1026200068600022A9600020E26620672870F2BD81
:10263000216801F1080353E8001F20684908490098
:1026400000F1080242E8001000287047206850E8B6
:10265000001F21F49071024642E8001000287047E4
:102660002DE9F04105460E4690461F46069C286817
:10267000C1693140B1420CBF01200020404536D134
:1026800014F1010FF3D0FFF73BFAC01B844200D3D3
:1026900014B90320BDE8F081286801684A07E6D52F
:1026A000802E18BF402EE2D0C1690A0703D4C16949
:1026B0000A05DCD50DE02B6808201862284600F0DA
:1026C000A1F805F184000821C160002202700120F8
:1026D000E0E729684FF400600862284600F092F8AD
:1026E00005F184002022C26000210170D1E70020A2
:1026F000D0E770B503460020996503F15C010A80BC
:10270000FF244A8088619868B0F5805F04D1186919
:1027100088B940F2FF140EE010B9186958B104E00E
:10272000B0F1805F06D1186908B97F2403E03F202B
:10273000888001E000248C800020222548630D63FE
:10274000196801F1080656E8001F186841F00101F8
:1027500000F1080444E800100028F1D103F15C0105
:102760008868B0F1005F26D18C89A24223D39A6891
:10277000B2F5805F04BF1869002803D10FF29132CF
:102780008A610BE00FF2B1248C61186930B100F05E
:1027900034F841F48071FFF79AFAF8D1196801F121
:1027A000080454E8001F186841F08051FFF78DFAC3
:1027B000F4D1002070BD9A68B2F5805F04BF18693B
:1027C00000280CD10FF279148C61186850E8001FB2
:1027D00041F020010246FFF77AFAF6D1E9E70FF25D
:1027E000F9048C6118690028EFD000F006F841F474
:1027F0009071FFF76CFAF8D1DBE7196851E8001F18
:102800001A68704710B500F04FF8FCD100F014F8CA
:10281000FCD1C26E012A08D1016851E8002F22F0D4
:1028200010020B4600F04CF8F6D120210022C0F82F
:102830008C10C266426710BD0468064904F10803A3
:1028400053E8003F04F108020B4042E80031002940
:1028500070470000FEFFFFEF000C0058F750000823
:10286000E7500008AB670008BF67000873850008E1
:10287000AF8A000837AB0008D3AE0008C167000874
:102880001FAF00087FB10008F369FFCFFFF4FF110D
:1028900000100140004402580090D00300093D00A0
:1028A0000044004000480040016851E8002F22F435
:1028B00090720B4643E800210029704722F0800205
:1028C00043E8002100297047806B0022A0F85E20B9
:1028D000D0F8A4100847000070B500F05AF81FD1D6
:1028E0004B6A9188846D0B402370836D5D1C00F0F2
:1028F00056F819D100F07EF8FCD100F085F8FCD133
:1029000000F054F80BD10023136100F00EF8FCD155
:102910000168CB69DC0644BF10250D6286E081E0CA
:10292000886940F00800886170BD016851E8003F87
:1029300023F010030C4644E80031002970470000E2
:1029400070B500F026F81FD14B6A9188846D0B405A
:102950002380836D9D1C00F022F819D100F04AF805
:10296000FCD100F051F8FCD100F020F80BD100238D
:102970001361FFF7DAFFFCD10168CB69DC0644BFC5
:1029800010250D6252E04DE0886940F00800886132
:1029900070BD00F15C020168136B222B70478565E6
:1029A0005488661E568051880029704700F15C02E9
:1029B0002021116300249461002555610168B24B08
:1029C00099420CD049680D0209D5036853E8003FCD
:1029D000046823F0806344E800310029F5D11169CF
:1029E00001297047004C0040005000400014014095
:1029F00000780040026852E8002F036822F49072C9
:102A000043E8002100297047026802F1080454E8F5
:102A1000002F01685208520001F1080343E8002129
:102A200000297047536CBDE8704018471188526EFA
:102A3000BDE87040104700002DE9F84300F0FCF8B5
:102A400046D1A889002835D0B90633D500F0EEF874
:102A50000870A06D421C00F0ABF812D0F90748BF17
:102A60005FEAC85200F0ADF803D5F20701D500F0D7
:102A7000BEF800F0AFF820B1A96C204688470022CC
:102A80006A6368880028DFD100F038F8FCD100F0D4
:102A900025F8FCD100F0DEF809D100F0FDF844BFC4
:102AA0001023036229886A6E2046904702E0696C11
:102AB00020468847688868B1A98988420ADA00F008
:102AC0009EF8FCD17148A86100F0A6F8FCD101E0A5
:102AD000FFF7E1F8BDE8F183007C004023686C4813
:102AE00003F1080252E8002F03F10801024041E817
:102AF000002000287047000000FD0F00216851E809
:102B0000001F226821F4807142E8001000287047FD
:102B10002DE9F84300F090F846D1A889002835D077
:102B2000B90633D500F082F80880A06D821C00F051
:102B30003FF812D0F90748BF5FEAC85200F041F8E9
:102B400003D5F20701D500F052F800F043F820B1A8
:102B5000A96C2046884700226A6368880028DFD174
:102B6000FFF7CCFFFCD1FFF7B9FFFCD100F072F802
:102B700009D100F091F844BF1023036229886A6EDE
:102B80002046904702E0696C20468847688868B113
:102B9000A98988420ADA00F032F8FCD13D48A861E0
:102BA00000F03AF8FCD101E0FFF775F8BDE8F183D9
:102BB000A26569884B1E6B802068C76917F0070FF4
:102BC000704705D501230362686B40F0010068631C
:102BD000B9077047790708D5F20706D521680420A0
:102BE00008626A6B42F002026A63686B7047216890
:102BF000022008626A6B42F004026A63704723682D
:102C000003F1080959E8001F03F1080221F080517F
:102C100042E8001000287047216851E8001F226830
:102C200041F0200142E80010002870472068406A07
:102C3000A16D09EA00007047044604F15C052068B4
:102C4000B5F80490C7690246D2F800808668296BFF
:102C5000222970472021002229630B49A8616A615B
:102C6000206888420CD04068030209D5216851E8E9
:102C7000001F226821F0806142E800100028F5D191
:102C80002869012870470000000C0058D928000866
:102C9000FEFFFFEF4129000800212961206850E86C
:102CA000001F21F01001024642E800100028F5D173
:102CB0002068C169CA0670472DE9F047044600251F
:102CC000D4E900010201A846DFF8D47722D5A36E2B
:102CD0004BB1B3F5801F0BD0B3F5001F15D0B3F582
:102CE000401F09D014E0FA6942F40032FA6105E0AD
:102CF000022100F0D0FB054628000AD1396CA06EF5
:102D000021F440110143396404E000F0BEFBF2E716
:102D10000125A846D4E90001C3051CD5A26D042AEB
:102D200017D8DFE802F0030E1205050000F0A3FB40
:102D300028000FD1396CA06DC90840EAC10139647F
:102D400009E000F0A7FB0546F2E7002100F099FB3F
:102D5000F9E70125A846D4E90001820520D5E36DF5
:102D60004BB1402B12D0802B14D0C02B18BFB3F521
:102D7000807F02D012E000F07EFB28000FD1396C7A
:102D8000E06D21F4E0710143396409E000F082FB59
:102D90000546F2E7002100F074FBF9E70125A8469B
:102DA000D4E90001420504F1840623D5736A63B1B6
:102DB000B3F5001F14D0B3F5800F15D0B3F5C00FD5
:102DC00018BFB3F5000F02D012E000F054FB28004A
:102DD0000FD1B96C706A21F460010143B96409E054
:102DE00000F058FB0546F2E7002100F04AFBF9E746
:102DF0000125A846D4E90001020523D5B36A63B1D1
:102E0000B3F1807F14D0B3F1007F15D0B3F1407FD0
:102E100018BFB3F1806F02D012E000F02CFB280045
:102E20000FD1B96CB06A21F0E0610143B96409E0E7
:102E300000F030FB0546F2E7002100F022FBF9E745
:102E40000125A846D4E9000182011AD5E36C43B1FB
:102E5000102B04D0202B0DD0302B02D00FE000F02F
:102E60000AFB28000CD1F96BE06C21F03001014322
:102E7000F96306E0022100F00EFB0546F1E70125AB
:102E8000A846D4E90001C20423D5236E63B1B3F58B
:102E9000805F14D0B3F5005F15D0B3F5405F18BF65
:102EA000B3F5804F02D012E000F0E5FA28000FD110
:102EB000396C206E21F4E0410143396409E000F0EF
:102EC000E9FA0546F2E7002100F0DBFAF9E701250F
:102ED000A846D4E90001820422D5636E93B1B3F50C
:102EE000803F0BD0B3F5003F15D0B3F5403F1CBF7A
:102EF000B3F5802FB3F5A02F04D00FE0012100F02F
:102F0000CAFA054628000AD1396C606E21F4E02126
:102F10000143396404E000F0B3FAF2E70125A84662
:102F2000D4E90001420422D5F36A93B1B3F1805F82
:102F30000BD0B3F1005F15D0B3F1405F1CBFB3F10C
:102F4000804FB3F1A04F04D00FE0012100F0A3FAAD
:102F5000054628000AD1B96CF06A21F0E04101432E
:102F6000B96404E000F08CFAF2E70125A846D4E940
:102F7000000102041AD5236F43B1B3F1805F03D07F
:102F8000B3F1005F0BD00FE000F075FA28000CD110
:102F9000396C206F21F040510143396406E0012172
:102FA00000F079FA0546F1E70125A846D4E90001C9
:102FB000C30118D5A26C032A13D8DFE802F004027B
:102FC0000D0400F058FA28000CD1F96BA06C8908A8
:102FD00040EA8101F96306E0022100F05CFA05464F
:102FE000F1E70125A846D4E9000143023FD5DFF807
:102FF0009896D9F8002042F48072C9F80020FEF7B4
:103000007FFD8246D9F80000C10506D4FEF778FDA1
:10301000A0EB0A006528F5D327E0280026D1386EFA
:10302000316B00F4407001F4407188420BD0386E6F
:10303000396E41F4803139663A6E20F4407022F4E2
:1030400080323A663866306BB0F5807F2BD1FEF760
:1030500057FD8146386E820725D4FEF751FDA0EB5F
:10306000090041F289318842F4D30325A846227829
:10307000D10738D5E06F68B1082807D010282DD0C7
:1030800018281CBF2028282804D02AE0012100F09D
:1030900002FA0546280025D1796CE06F21F038014D
:1030A000014379641FE0306B00F44072B2F5407F59
:1030B00009D13968DFF8D42502EA101221F47C51D5
:1030C0001143396003E03B6823F47C533B60386E66
:1030D000316BC1F30B0108433866C8E700F0D0F943
:1030E000D7E70125A84621788A0719D5A06F0528BA
:1030F00014D8DFE800F0070310070707012100F0EC
:10310000CAF9054628000AD1796CA06FC90840EABF
:10311000C101796404E000F0B3F9F2E70125A846A3
:1031200021784A0719D53069052814D8DFE800F05E
:10313000070310070707012100F0ADF90546280035
:103140000AD1B96C3069C90840EAC101B96404E028
:1031500000F096F9F2E70125A84621788A0621D5E4
:10316000F06888B1B0F1805F0BD0B0F1005F14D08F
:10317000B0F1405F1CBFB0F1804FB0F1A04F03D061
:103180000EE000F087F9054628000AD1796CF06856
:1031900021F0E0410143796404E000F076F9F2E7C0
:1031A0000125A84621784A0621D5B06988B1B0F535
:1031B000806F0BD0B0F5006F14D0B0F5406F1CBF1E
:1031C000B0F5805FB0F5A05F03D00EE000F062F9CB
:1031D000054628000AD1B96CB06921F4E0510143D9
:1031E000B96404E000F051F9F2E70125A84621781E
:1031F0000A0621D5F06988B1B0F5005F0BD0B0F5B3
:10320000804F14D0B0F5C04F1CBFB0F5004FB0F5E3
:10321000204F03D00EE000F03DF9054628000AD10A
:10322000B96CF06921F460410143B96404E000F035
:103230002CF9F2E70125A84621780A070ED5306857
:10324000B0F5805F04D100F020F908B14FF001081B
:10325000796C306821F44051014379642278D106B9
:103260000ED57069B0F5807F04D100F00EF908B179
:103270004FF00108B86C726920F440701043B864D4
:10328000D4E90001030319D5326A32B1B2F5803FA7
:103290000FD0B2F5003F03D00EE000F0FBF805467A
:1032A00028000AD1B96C306A21F440310143B96475
:1032B00004E000F0EAF8F2E70125A846D4E90001AD
:1032C00043031BD57268B2F5801F06D0B2F5001F0C
:1032D0000ED0B2F5401F02D00EE000F0CCF828006E
:1032E0000BD1796C706821F440110143796405E0D9
:1032F00000F0C6F80546F2E70125A846D4E900012A
:10330000C30317D5226D1AB1B2F5803F0BD00FE081
:1033100000F0B1F828000CD1F96B206D21F4803158
:103320000143F96306E0022100F0B5F80546F1E734
:103330000125A846D4E90001830004D500F0A5F8D2
:1033400008B14FF00108D4E9000182031CD5D4F87C
:1033500080306BB1B3F5807F06D0B3F5007F18BF26
:10336000B3F5407F04D00DE0FA6942F40032FA610F
:103370002A0008D17B6CD4F8802023F440731343D7
:103380007B6401E00125A846C20205D53B6C626F53
:1033900023F0004313433B64C50005D53B68726BC3
:1033A00023F4804313433B60850205D53B6CE26EFA
:1033B00023F0807313433B64450009D5D7F800C060
:1033C0002CF4004CC7F800C03B68B26B13433B6061
:1033D000002805D5FB6B626D23F040531343FB635C
:1033E000050205D57B6CB26823F4400313437B646C
:1033F00011F0010104D000F04DF8010018BF804623
:10340000D4E9000111F0020305D0012100F043F8D6
:10341000010018BF8046D4E9000111F0040305D073
:10342000022100F038F8010018BF8046D4E90001FD
:1034300011F0080305D0002100F023F8010018BFA7
:103440008046D4E9000111F0100304D000F018F810
:10345000010018BF8046D4E9000111F0200302D01A
:1034600000F013F820B9B8F1000F08BF002000D019
:103470000120BDE8F087F86940F40030F86170473A
:10348000012104F1280000F065B9022104F12800AF
:1034900000F060B9002104F1080000F003B9000059
:1034A0001044025880B500F002FCDFF8B423DFF8C6
:1034B000B4131368C3F30212895C01F01F01C84002
:1034C00002BD000030B500F082F8C2F30015DA6BDF
:1034D000C1F3053100F088F81DD000F07EF802D06D
:1034E000022C06D008E000F0B5F8996B00F04CF81B
:1034F00007E09FED672A01E09FED662A996B00F0D7
:1035000053F8996B00F088F8996B00F076F8996B96
:1035100000F093F801E000F031F82BE030B500F056
:1035200056F8C2F300255A6CC1F3055100F05CF85F
:103530001DD000F052F802D0022C06D008E000F0B6
:1035400089F8196C00F020F807E09FED512A01E09E
:103550009FED502A196C00F027F8196C00F05CF808
:10356000196C00F04AF8196C00F067F801E000F0FF
:1035700005F800BF10EE101A816030BD00229FEDEB
:10358000460A026042607047F7EE001AC1F3080174
:1035900001EE101AB8EE411A31EE000A70EE211A4F
:1035A00020EEA10A70470000DFED3C1AC2EE200AAF
:1035B000C1F3080101EE101AB8EE411A00EE211A0B
:1035C000B7EE000A31EE000A20EE800A7047DFF8FD
:1035D0008C329C6A996ADA6A704714F0030400EE30
:1035E000901AF8EE600A7047C2F3CC0255430029E6
:1035F00000EE105AB8EE400A7047C1F3064100EEE3
:10360000901AF8EE600A70EE810AC0EE200AFCEE15
:10361000E00AC0ED010A7047B7EE001AC1F3462177
:1036200000EE901AF8EE600A70EE810AC0EE200AF1
:10363000FCEEE00AC0ED000A7047C1F3066100EE3F
:10364000901AF8EE600A70EE810A80EE200ABCEE55
:10365000C00A704719689FED111A20EE010A8C0606
:103660000CD51968DFF8F021C1F3C101CA4001EEA1
:10367000102AB8EE411AC1EE200A70479FED082AC1
:10368000C2EE200A7047000000480258CFFFFF003A
:1036900020BCBE4B0024744A00000000000000392A
:1036A0000024744CF8B500F0CFF801D10120F2BD30
:1036B000316821F080613160FEF722FA07463068F8
:1036C000010106D5FEF71CFAC01B0328F7D303201F
:1036D000F2BDB06A296820F47C3040EA013000F085
:1036E00097F8B063F16A686921F0C00100F0A8F8AA
:1036F000A86921F0200100F0A3F821F01001F16287
:10370000F06B00F07FF8F063F06A40F01000F062B8
:103710001CB9F06A40F4002004E0012C04D1F06AE6
:1037200040F48010F06203E0F16A41F40011F162AC
:10373000326842F080623260FEF7E2F90446306897
:10374000010105D4FEF7DCF9001B0328F7D3BEE71F
:103750000020F2BDF8B500F077F801D10120F2BDEC
:10376000316821F080513160FEF7CAF907463068B0
:10377000810006D5FEF7C4F9C01B0328F7D3032048
:10378000F2BDB06A296820F07C7040EA015000F078
:103790003FF83064F16A686921F4406100F050F844
:1037A000A86921F4007100F04BF821F48071F162F6
:1037B000706C00F027F87064F06A40F48070F0627A
:1037C0001CB9F06A40F4800004E0012C04D1F06AD6
:1037D00040F40000F06203E0F16A41F08071F162B0
:1037E000326842F080523260FEF78AF9044630684F
:1037F000810005D4FEF784F9001B0328F7D3BEE748
:103800000020F2BDE9696FF3CF0040EAC1007047C4
:10381000B062A9686868EA68491E4902401EC0F3A0
:103820000800521E01F47E4112040843296902F483
:10383000FE021043491E090601F0FE41084370478D
:103840000143F162F16A70470546044EB06A0C46C6
:1038500000F00300032870470090D0030044025892
:1038600020440258FCAF0008D3BBD9B1B2F5803F69
:103870005BD2022A1ED98C46B1FBF2F102FB11C3C6
:103880001B0443EA1043B3FBF2FC02FB1C3380B27F
:1038900040EA0343B3FBF2F002FB103240EA0C4073
:1038A00000237047022A05D98446B0FBF2F002FBE0
:1038B00010C270474AB105D100F0010249085FEA21
:1038C0003000704700220023704700F03FBA0B0021
:1038D0000200002100207047F7D300220023704728
:1038E000904271EB030CF2D370B5B1FA81F4B3FAE4
:1038F00083F52C1BA340C4F1200532FA05F63343AF
:10390000A2405FF00046E64002E05B085FEA320258
:10391000841A71EB030524BF204629467641F4D36F
:1039200002000B003000002170BD70B5B1FA81F4C7
:10393000B2FA82F5C4F120046419B4F12006DAD396
:10394000B2405FF00044F440002502E052085FEA14
:103950003303C61A71EB020E24BF30467146644130
:103960006D41F3D302000B002000290070BD30B57B
:10397000016884684218416802EB5103C90703D506
:103980004C4401E0491C08D19A4218BF12F9011BAE
:1039900001D10C3030BD12F8015B002904F8015B45
:1039A000F0D4491EF7D5EFE72DE9F0410400884631
:1039B0005AD0DFF86C73386800F00F00404502D22F
:1039C00000F0D0F850D12078DFF85853420706D5E0
:1039D0002069A96901F07001814200F0E2F82078C5
:1039E000020706D56069E96901F07001814200F0C3
:1039F000D1F82078C20606D5A069E96901F4E06132
:103A0000814200F0C0F8207882060AD5E069296A70
:103A100001F07001814204D22A6A22F07002104340
:103A200028622078820706D5E068A96901F00F01B5
:103A3000814200F0A1F82078C20731D5A969A068B9
:103A400021F470610143A9616068022802D12968EC
:103A50008A0308E0032802D129688A0103E00128CB
:103A600003D12968CA0503D42CE02B68590729D54E
:103A70002A69D20840EAC2002861FEF741F80646EA
:103A80002869616800F03800B0EBC10F08D0FEF77C
:103A900037F8801B41F289329042F1D303205FE076
:103AA0002078820706D5E068A96901F00F018842F5
:103AB00000F062F8386800F00F00804504D200F092
:103AC00051F801D001204BE02078420706D520694B
:103AD000A96901F07001884200F063F820780207BC
:103AE00006D56069E96901F07001884200F052F87A
:103AF0002078C20606D5A069E96901F4E061884230
:103B000000F041F8207881060AD5E0692A6A02F0BF
:103B10007002904204D2296A21F0700108432862A1
:103B200000F046F8AA69DFF81012C2F303228B5C9A
:103B3000AC69DFF8F45104F00F04095D03F01F03D2
:103B4000D840DFF8E83101F01F0120FA01F21A60D5
:103B50002860DFF8E0010068BDE8F04100F004B93A
:103B6000BDE8F0813968090948EA011139603A680D
:103B700002F00F024245704704D2AA69120940EAD6
:103B80000210A861704704D2EA6922F4E06210438F
:103B9000E861704704D2EA6922F070021043E861DC
:103BA000704704D2AA6922F070021043A8617047DE
:103BB00030B55C4B5E48196911F0380104D010290A
:103BC0000AD018290AD069E01A68940667D51968DE
:103BD000C1F3C101C84030BD584830BD9C6A996AE4
:103BE000DD6A5A6B05F00105C1F30511C2F3CC0281
:103BF0005543002900EE105AB8EE400A4CD014F09C
:103C0000030400EE901AF8EE600A02D0022C20D0D5
:103C100022E019689FED3E1A20EE010A8A0608D5B7
:103C20001968C1F3C101C84000F03CF8C1EE200A98
:103C300003E09FED382AC2EE200A186BF7EE001A57
:103C400000F02EF831EE000A70EE211A20EEA10AE3
:103C500013E09FED312A01E09FED302A186BDFED74
:103C60002C1AC2EE200A00F01BF800EE211AB7EE63
:103C7000000A31EE000A20EE800A186BC0F34620DD
:103C8000401C00EE900AF8EE600A80EE200ABCEEBE
:103C9000C00A10EE100A30BD002030BD284830BDEB
:103CA000C0F3080001EE100AB8EE411A704710B5D3
:103CB000FFF77EFF234A204B116812681A4CC1F3AC
:103CC0000321595C02F00F0201F01F01C84020607F
:103CD0009A5C164902F01F02D040086010BD80B502
:103CE000FFF7E5FF00F00FF8C3F3021206E080B51E
:103CF000FFF7DDFF00F007F8C3F30222895C01F053
:103D00001F01C84002BD104A0B49136870470000EC
:103D1000000000390024744C20BCBE4B0024744ABF
:103D20000020005200440258B0000020B4000020DF
:103D30000090D003AC000020FCAF000840787D016B
:103D400000093D00184402581C440258704782681C
:103D5000521C8260426832B10268531C03601170C9
:103D60004168491E4160704738B504460D4D2878BA
:103D7000A8B10D4A4FF47A711368B1FBF0F0B3FBB0
:103D8000F0F000F052F850B9102C08D20022214671
:103D90004FF0FF3000F021F8AC60002032BD012070
:103DA00032BD00BFA4000020B000002009010200C5
:103DB00002D4454881547047444B02F00F021A4424
:103DC00002F8041C704742490A6860F30A2240F274
:103DD000FA5060F31F420A60704770B53C4B1C6894
:103DE000C4F302230124C3F10705052D2EBF0F25BF
:103DF00004FA05F56D1E1E1D072E34BF0023DB1EC1
:103E00002940994004FA03F35B1E1A401143BDE8B0
:103E10007040CBE7010007D4012200F01F018A4067
:103E20002C4B400943F820207047401EB0F1807FA2
:103E300010B501D3012010BD2749284A4860F02061
:103E4000107000238B6007240C60002010BDBFF3AE
:103E50005F8F23480022016821F4803101600267EE
:103E600070471F4940F001000867086840F480303F
:103E70000860BFF34F8FBFF36F8F704710B5427864
:103E800018490A608B685B085B008B6042684A6077
:103E9000C27A037B447B120642EA0372837A42EAC7
:103EA000C342837B42EA8442C47B42EA4342437A70
:103EB00042EA0442047A007842EA032242EA4402D7
:103EC00002438A6010BD000000E400E018ED00E04D
:103ED0000CED00E000E100E010E000E023ED00E088
:103EE00024ED00E098ED00E040F0200070472DE95F
:103EF000F14FB0B0924604910DF142013A9A2B91E4
:103F000099464A7000200AE01AF8011B0498309A7A
:103F100090470028049000F044860D98401C0D90B6
:103F20009AF8000058B12528EED100200021002287
:103F30000790089109920A910B920C9104E00D9858
:103F400000F031BE41F001011AF8010F2028F9D02C
:103F500023280CD02B2804D02D2805D0302809D0B8
:103F60000BE041F00201EFE741F00401ECE741F022
:103F70000801E9E741F01001E6E72A280FD1D9F856
:103F8000002052F8040BC9F8002000280F9003D538
:103F900040420F9041F004010AF1010A14E00F922F
:103FA000DFF8082C0AE00F9B934205DA03EB830449
:103FB00000EB440030380F900AF1010A9AF8000033
:103FC000A0F130030A2BEED39AF800202E2A03D05A
:103FD0004FF0FF300E9029E01AF8010F2A2809D17E
:103FE000D9F8002052F8040BC9F800200E900AF10D
:103FF000010A1BE02D280CBF0AF1010A0020002253
:104000000E92DFF8A84B0BE040B90E9BA34205DAF5
:1040100003EB830502EB4502303A0E920AF1010AE6
:104020009AF80020A2F130030A2BEDD3ADF840102E
:104030000FF67C309AF8001000F0C2FE08B11AF8B2
:10404000010B8DF842009DF84200682805D19AF8CE
:10405000001068290CD1622006E06C2804BF9AF891
:1040600000106C2904D171208DF842000AF1010A78
:1040700012AA06921AF801BBBBF125002CD01C38FD
:1040800000F09781001F022840F29381133800F05E
:10409000BA84093800F08D81801E00F04F85401EE3
:1040A00000F0FC84401E022840F28381001F00F0D3
:1040B000F584401F00F0F280401E00F0A484401EF2
:1040C00000F0DA80C01E0ED0801E00F09C84C01E5E
:1040D00000F0998400F03DBD0122252107928DF862
:1040E000481000F042BDD9F8000050F8044BC9F860
:1040F0000000002C059440F0AB802B9948780028F4
:1041000000F0A1804FF0FF340FF6AC2000F064FE09
:10411000241A40F0468500F028BD01236A4602A912
:10412000304600F00DFE002840F03B85641EF4D1BF
:104130003096079C12AF74B1309E17F8011B04989B
:10414000B0470028049000F02C850D98401C641E98
:104150000D90F2D130960A9C3021002C8DF8001081
:104160000CDD309E01236A4602A9304600F0E8FDCE
:10417000002840F01685641EF4D13096059F089CF7
:1041800074B1309E17F8011B0498B04700280490C2
:1041900000F007850D98401C641E0D90F2D13096FA
:1041A0000B9C3021002C8DF800100CDD309E01237B
:1041B0006A4602A9304600F0C3FD002840F0F184B1
:1041C000641EF4D1309605980899099C471874B17B
:1041D000309E17F8011B0498B0470028049000F0A7
:1041E000E0840D98401C641E0D90F2D130960C9C1A
:1041F0003021002C8DF800100CDD309E01236A4622
:1042000002A9304600F09CFD002840F0CA84641EDC
:10421000F4D130969DF8400041077FF581AE202013
:10422000002D8DF800007FF77BAE309C01236A469D
:1042300002A9204600F084FD002840F0B2846D1EE3
:10424000F4D130946CE60FF65830059000F08DBC38
:104250000E9D002D04D5204600F0DEFD044608E04A
:104260002A460021204600F0E1FD002814BF041B6F
:104270002C46089400F079BCD9F8001051F8040BD2
:10428000C9F8001020F00002002121F0FF33CDE931
:10429000022312AC0594782100F04CBC2B9948788D
:1042A00020B14FF0FF340FF6C8202FE79DF84200F1
:1042B000622860D0682817D06A283FD06C2806D0C2
:1042C000712847D074282CD07A281DD062E0D9F804
:1042D000001051F8040BC9F80010002866D14FF007
:1042E000FF340FF6A42011E7D9F8001051F8040BA1
:1042F000C9F8001020B94FF0FF340FF68C2005E705
:104300000D99018000F031BCD9F8001051F8040B70
:10431000C9F80010002849D14FF0FF340FF668208B
:10432000F4E6D9F8001051F8040BC9F80010002881
:104330003CD14FF0FF340FF65020E7E6D9F80010DB
:1043400051F8040BC9F8001080B94FF0FF340FF694
:104350003820DBE6D9F8001051F8040BC9F800103A
:1043600020B94FF0FF340FF62020CFE60D9AD31777
:10437000C0E90023F9E3D9F8001051F8040BC9F89B
:10438000001020B94FF0FF340FF6FC10BEE60D9977
:104390000170EAE3D9F8001051F8040BC9F80010D5
:1043A00020B94FF0FF340FF6E010AFE60D99016031
:1043B000DBE39DF842004C2807BFD9F80010CA1D66
:1043C000D9F80000C21D22F00702C9F80020D2E986
:1043D00000010832C9F80020CDE90201C80F02D05F
:1043E00007982D210AE0BDF84000810702D5079803
:1043F0002B2103E0C00705D50798202112AA1154EC
:10440000401C079012A807994BF0200300EB010C09
:10441000DDE90201CDE92C01612BCDF814C021ACFE
:104420000BD00E98002848BF062105D404BF4BF0DE
:104430002000672801D101210E91DDE902014F0022
:1044400047EAD0777E15FF174FF0FF32974208BF3B
:10445000964210D1090341EA10510003002908BF18
:10446000002808D0ABF1610503211A2D089118D35B
:104470000FF6341110E0DDE902014A00521512F185
:10448000010F11D108030FD1ABF1610503211A2DE2
:1044900008911FD30FF618110322604600F0F2FCBA
:1044A00063E30FF60011F7E7DDE902016A4600F069
:1044B000F5FCCDE902014BF02000612811D10598EF
:1044C00030220270811C0591BBF1610F0CBF782175
:1044D000582102E00FF6D401DEE741700798801CF6
:1044E0000790DDE9020120F0000231F0004308BF2F
:1044F000002A02D10026002542E14BF02008B8F145
:10450000610F40F092800E99002947BF2120019051
:10451000491C0191019FDDE92C017F1C0022002331
:10452000DDE9024500F0F2FC38BF85F00045009857
:104530008DF88420001F002F00900DF1850632DDDC
:10454000204629460022002300F0FAFC2BD21C2230
:1045500000F010FD04460D4600F08EFDFF1F002FF9
:10456000804609DD00F08FFD02460B4620462946B5
:1045700000F090FD04460D46F01D0721B8F1000F34
:104580000CDD491E5EBF08F00F0200F8012D4FEA56
:104590002818F3D502E0002200F8012D491EFAD5B3
:1045A000C61D002FCCDC0DF18500361A01980DF1E7
:1045B00085048642D8BF304600282FD4B04206DAA0
:1045C0000DF185010A5C082AA8BF0F2100DA00213D
:1045D000024621AB134400E0401E13F80159521E5D
:1045E0008D42F9D00F2904D10DF185018B5C5B1C44
:1045F0008B54002A04D50099091D21AC401C009160
:10460000411E0BD4621813783033DDB23A2DA4BFAB
:104610005B443A3B491E02F80139F4D50E9A002A50
:1046200040F1AC80411E0E91A8E00099DFF8002710
:1046300047F29750414391FBF2F20092DDE92C459D
:10464000C2F10702002A25F0004504DD2046294674
:1046500000F04AFB0BE052420020DFF8D81600F0D1
:1046600043FB02460B462046294600F01CFD04464B
:104670000D46B8F1660F06BF009F0A3706270E9851
:104680003F18142FC8BF142730208DF884000DF177
:104690008506002F34DD2046294600F00DFD014639
:1046A0000A4606F1080304200A26B2FBF6F606EBDA
:1046B000860EA2EB4E02303203F8012C0A22B6FB22
:1046C000F2F202EB820EA6EB4E063036401E03F8E5
:1046D000026DE9D1083F002F03F10806D9DD084635
:1046E00000F0F1FC02460B462046294600F0D2FCC1
:1046F0000022DFF8443600F0EDFC04460D46CAE720
:104700000DF18500361A0DF1850404E00098401E75
:10471000761E0090641C20783028F7D0B8F1660F20
:1047200002D10098401C04E0B8F1650F0CBF0120D5
:1047300000200E9940188642B8BF701E00281DD474
:10474000B04204DA215C3429C8BF392100DC3021B1
:104750000246631E9D1800E0401E15F80169521EB6
:104760008E42F9D0392902D1A15C491CA154002AFA
:1047700004D50099491C1C46401C00910646009D2A
:1047800000F0B2FC406A0778DDF8388030B20028CB
:1047900002DC01260FF21C644BF02000662808BFE3
:1047A0006D1C16D0672845D128B210F1040F47DBE5
:1047B000404545DA9DF840006D1C010703D430B236
:1047C0004045D8BF804628B2B8EB000848BF4FF03C
:1047D00000080FFA85FBBBF1000F00F3B3800898C7
:1047E000411C0891302205990A54B8F1000F03DCEE
:1047F0009DF84000010704D50898411C08910599CF
:104800000F5418EB0B0FB8BFC8F100052DB268426A
:10481000454432B20B909542B8BF2E46059B08988E
:1048200036B2099632462146184400F02BFBAD1BE8
:104830000C95D1E0BBF1610F17D14FF0700B19E06F
:1048400030B2404504DA9DF840100A0758BF804650
:10485000B8F1010848BF4FF00008BBF1670F14BF63
:104860004FF0450B4FF0650B04E0BBF1410F08BF63
:104870004FF0500B0898411C0891B8F1000F0599B2
:1048800014F8012B0A5403DC9DF8400001071AD5E7
:104890000898411C0891B8F1000F05990F5412DDDA
:1048A000761E30B28045B8BF46460598089B32B2A6
:1048B0002146184400F0E6FA089836B230180890FD
:1048C000A8EB06000B9005980899014428B200282F
:1048D00081F800B003D42B204870891C04E02D22FD
:1048E0004A700546891C6D4200202CAA0AE02B461E
:1048F0000A2593FBF5F505EB8504A3EB440302F8C9
:10490000013B401C2DB2002DF1DC012806DC4BF0F0
:104910002002652A04BF302201F8012B00282CAAAE
:1049200008D1302001F8010B06E0401E135C303343
:1049300001F8013B0028F8DC059A08981044091A90
:10494000099149E030B229B288421CDA0598089BE7
:1049500032B22146184400F095FA089936B271181F
:104960000891ABEB0600B8F1000F0B9003DC9DF84B
:104970004000020704D5059847540999491C09913C
:10498000CDF8308028E00598089B2AB221461844CB
:1049900000F078FA0898761B5844B8F1000F089098
:1049A00003DC9DF840100A0703D5411C08910599C6
:1049B0000F5430B28045B8BF46460598089B32B2C6
:1049C00004EB0B01184400F05DFA089836B2301879
:1049D0000890A8EB06000B909DF8400000F0140032
:1049E000102840F0C280079A08980B9982180998FD
:1049F0008A1882180C980F998018884280F2B58026
:104A0000081A0A90B1E09DF84200622808D0682890
:104A10000ED06A2814D06C281FD0712810D01CE04A
:104A2000D9F8001051F8040BC9F80010C0B21AE010
:104A3000D9F8001051F8040BC9F8001080B212E048
:104A4000D9F80000C21D22F00702C9F80020D2E9FF
:104A500000010832C9F8002006E0D9F8001051F82A
:104A6000040BC9F800100021CDE902019DF84000B7
:104A700002075AD5DDE90201002908BF002854D0F9
:104A80004BF02002782A50D1079812A930230B54FA
:104A9000401C421C079201F800B046E09DF842001D
:104AA000622808D068280ED06A2814D06C281FD03D
:104AB000712810D01CE0D9F8001051F8040BC9F887
:104AC000001040B21AE0D9F8001051F8040BC9F8F0
:104AD000001000B212E0D9F80000C21D22F0070257
:104AE000C9F80020D2E900010832C9F8002006E028
:104AF000D9F8001051F8040BC9F80010C117CDE91E
:104B00000201002902D507982D210AE0BDF84000D6
:104B1000810702D507982B2103E0C00705D5079828
:104B2000202112AA1154401C079012A80799014491
:104B30000591594602A800F04DF816E001200790B3
:104B4000D9F8001051F8040BC9F800108DF848008E
:104B50000BE001202521BBF1000F07908DF84810D4
:104B600003D0022107918DF849B00F9D07980A994B
:104B70002D1A08986D1A0B992D1A09986D1A0C990F
:104B80002D1A9DF840006D1A41073FF5D2AA20204A
:104B9000002D8DF800007FF7CCAA309E2C46FFF741
:104BA000BCBA4FF0FF3031B0BDE8F08FCBCCCC0CAD
:104BB000686A6C747A4C00007072696E74665F7318
:104BC0003A2062616420257320617267756D656E9D
:104BD000740000002DE9FC4D0646884637694046C2
:104BE0006F2808BF082405D0FFF77EF9782814BF86
:104BF0000A241024D6E900013C2582468B46B8F1F0
:104C0000640F18BFB8F1690F05D1002903D5DAF197
:104C1000000A6BEB4B0BBBF1000F08BFBAF1000FA2
:104C20000CD1306B50B9082C3AD196F838000107F6
:104C300036D530223B2587F83B2031E08DF80080C7
:104C40005046594622460023FEF70EFE3032D0B2BF
:104C50006D1E3A2801950EDA7A555046594622467D
:104C60000023FEF701FE82465FEA010B08BFBAF19E
:104C7000000F05D108E09DF800001218513AEBE74B
:104C8000F06879198842DBD3082C09D196F83800EE
:104C9000010705D5785D302802D06D1E302078558B
:104CA000C5F13C02306BB26179198242F16008DAD9
:104CB000318F821A4FF6EF70014031873262BDE8C2
:104CC000F38D00280ED596F8380000F01400102857
:104CD00008D1736B7069316A1B1A5B1A9B1A002B1F
:104CE000C8BF3362BDE8F38D2DE9D04306460F46B9
:104CF00014464FF00008DFF8449012E0E00707D5B3
:104D000042464B463046394600F0E4F906460F4627
:104D10004046494642464B4600F0DCF96410804666
:104D20008946002CEAD130463946BDE8D0830000E0
:104D3000A08601000000F03F84D797410000244086
:104D4000F8B505460E4617461C4600205CB117F81C
:104D5000011BB068A847B06030B1F06A401CF06237
:104D60000020641EF3D1F2BD4FF0FF30F2BD000011
:104D70007072696E74665F733A20256E2064697381
:104D8000616C6C6F776564007072696E74663A204E
:104D900062616420256E20617267756D656E7400B6
:104DA000000000006E616E004E414E00696E6600AC
:104DB000494E460030000268531C03601170704772
:104DC000C9B202788A421AB11CBF10F8012FF9E764
:104DD00018BF002070472E0080B500B906A0054915
:104DE0000B681BB122220021984701E000F080F9F6
:104DF000222002BDBC060020636F6E73747261696D
:104E00006E742068616E646C65723A206261642021
:104E10006D6573736167650000F1010310F8011B94
:104E200011B110F8011BFBE7C01A7047C9B2830724
:104E300006D0521E22D310F8013B9942F7D11FE051
:104E4000083A13D302F1040241EA012141EA014187
:104E500050F8043B121F21BF4B40A3F1013C2CEA48
:104E6000030C1CF0803FF3D0C9B2001F0832521E61
:104E700024BF10F8013B91EA030FF8D818BF0120B6
:104E8000401E70474AB1000011F8013B521E00F865
:104E9000013B1CBF11F8013BF8E7704710B5144601
:104EA00000F002F8226010BDC1F30A5343B14A007A
:104EB00012F5001F28D2A3F2FE32A1EB0251704777
:104EC00050EA410C20D001F0004C31EA0C01B1FA5B
:104ED00081F204BFB0FA80F3D2180B3AB2F120038A
:104EE0002CBF00FA03F1914041EA0C013EBFC2F130
:104EF000200C20FA0CF319439040524240F2FD334B
:104F0000D21A01EB035170470022704741EA030CAB
:104F100050EA4C0C52EA0C0C4FF4001C09D307D099
:104F20001CEB410F9CBF1CEB430F8B4208BF82421E
:104F300070471CEB430FFBD8994208BF9042704763
:104F400041EA030C50EA4C0C52EA0C0C4FF4001CE2
:104F500009D307D01CEB410F9CBF1CEB430F9942B8
:104F600008BF904270471CEB410FFBD88B4208BF33
:104F70008242704700B541EC100B104600F004F877
:104F800051EC100B00BD00BF020030EE101B40F2D0
:104F9000FF7C37D41CEA115313D063456BD09B18A8
:104FA000634504D201EB025120EE101B704701F063
:104FB000004141EA0C51002041EC100BAFF300809E
:104FC000704710EE100B50EA410054D0B2F57F7FCD
:104FD00008D202EB5C010905002041EC110B20EE28
:104FE000010B70474FF0FE41002341EC113B20EED6
:104FF000010BB2F57E7230EE101B4FEA410342EB1B
:105000005353CDE752421CEA115316D0634532D0B8
:105010009A4204D2A1EB025120EE101B70475B1E96
:10502000D21AA1EB035120EE101B372A0CD300201B
:1050300001F0004141EC100BC0E710EE100B50EAFC
:10504000410018D0372AF2D2C2EB5C0211050020D1
:1050500041EC110BF1EE100A20F01F0121F4F85180
:10506000E1EE101A20EE010BF1EE101AE1EE100A3B
:1050700011F0080FA2D1704741EC100BBDEEC00B30
:1050800010EE100A704700EE100AB8EEC00B51EC9B
:10509000100B704741EC100B43EC112B30EE410B21
:1050A00051EC100B704741EC100B43EC112B80EED0
:1050B000010B51EC100B704741EC100BBCEEC00B18
:1050C00010EE100A704700EE100AB8EE400B51ECDB
:1050D000100B704741EC100B43EC112B20EE010B31
:1050E00051EC100B7047704700487047E0000020FB
:1050F000012000F001B8704780B5AFF30080024A8C
:1051000011001820ABBEFBE72600020000000000E3
:105110000000000000000000000004040404040477
:105120000004000000140A0A000000000000000053
:10513000000014143F140A3F0A0A000000041E1560
:1051400005060C14150F0400000012150D0A142C8E
:105150002A1200000000040A0A1E15150936000074
:105160000002020100000000000000000020100802
:1051700008080808081020000002040808080808A9
:105180000804020000000004150E0E1504000000C3
:1051900000000404041F04040400000000000000D8
:1051A000000000000002020100000000001F0000DB
:1051B00000000000000000000000000000020000ED
:1051C00000100808080404020202010000000E1189
:1051D00011111111110E0000000004060404040452
:1051E000040E000000000E1111080402011F00004F
:1051F00000000E11100C1010110E00000000080C21
:105200000A0A091E0818000000001F01010F1010F3
:10521000110E000000000E09010F1111110E000007
:1052200000001F09080404040404000000000E111B
:10523000110E1111110E000000000E1111111E109F
:10524000120E000000000000040000000004000036
:10525000000000000004000000040400002010080A
:105260000402040810200000000000001F00001FBE
:1052700000000000000204081020100804020000D2
:1052800000000E11110804040004000000000E11BB
:105290001915151D011E0000000004040C0A0A1E49
:1052A0001233000000000F12120E1212120F000033
:1052B00000001E1101010101110E000000000F127B
:1052C00012121212120F000000001F120A0E0A0220
:1052D000121F000000001F120A0E0A02020700003F
:1052E00000001C1201013911120C000000003312E1
:1052F000121E12121233000000001F0404040404E2
:10530000041F000000003E080808080808090700FC
:10531000000037120A060A0A1237000000000702CE
:1053200002020202223F000000001B1B1B1B15157E
:105330001515000000003B1216161A1A121700006D
:1053400000000E1111111111110E000000000F12BA
:10535000120E02020207000000000E1111111117B7
:10536000190E180000000F12120E0A121237000058
:1053700000001E1101060810110F000000001F158B
:1053800004040404040E000000003312121212126E
:10539000120C000000003312120A0A0C0404000070
:1053A00000001515150E0A0A0A0A000000001B0A63
:1053B0000A04040A0A1B000000001B0A0A04040471
:1053C000040E000000001F0908040402121F000060
:1053D000001C04040404040404041C00000202026F
:1053E0000404080808100000000E0808080808084F
:1053F00008080E0000040A00000000000000000081
:1054000000000000000000000000003F0004000059
:10541000000000000000000000000000000C121C52
:10542000123C000000000302020E1212120E0000D5
:1054300000000000001C1202021C000000001810F6
:10544000101C1212123C000000000000000C121E82
:10545000021C000000003804041E0404041E0000A6
:1054600000000000003C120C021E221C000003027F
:10547000020E12121237000000000400000604049D
:10548000040E000000000800000C080808080807C7
:1054900000000302023A0A0E12370000000007045F
:1054A00004040404041F000000000000000F151590
:1054B0001515000000000000000F12121237000046
:1054C00000000000000C1212120C0000000000008E
:1054D000000F1212120E020700000000001C121230
:1054E000121C103800000000001B0602020700001A
:1054F00000000000001E020C101E0000000000044E
:10550000040E04040418000000000000001B121226
:10551000123C0000000000000037120A0C040000DA
:10552000000000000015150E0A0A0000000000002F
:10553000001B0A040A1B0000000000000037120ACA
:105540000C04040300000000001E0804041E0000F8
:1055500000180808080408080808180008080808BF
:1055600008080808080808080006040404080404D9
:1055700004040600022518000000000000000000DE
:10558000000000000000000000000000000000001B
:1055900000000008080808080808000018180000A3
:1055A00000486C2412000000000000000000000011
:1055B0000000002424247F1212127F121212000015
:1055C0000000081C2A2A0A0C1828282A2A1C080865
:1055D00000000022251515152A58545454220000A5
:1055E0000000000C1212120A76252911916E00009B
:1055F0000006060403000000000000000000000098
:10560000004020101008080808080810102040006A
:1056100000020408081010101010100808040200FE
:105620000000000008086B1C1C6B0808000000004C
:1056300000000000080808087F08080808000000AB
:105640000000000000000000000000000606040347
:105650000000000000000000FE000000000000004C
:10566000000000000000000000000000060600002E
:1056700000008040402020101008080404020200AE
:1056800000000018244242424242424224180000D4
:10569000000000080E08080808080808083E000076
:1056A0000000003C4242422020100804427E0000DC
:1056B0000000003C4242201820404042221C0000D2
:1056C000000000203028242422227E2020780000A0
:1056D0000000007E0202021A26404042221C000006
:1056E000000000382402021A264242422418000018
:1056F0000000007E22221010080808080808000098
:105700000000003C4242422418244242423C000035
:10571000000000182442424264584040241C00000B
:105720000000000000001818000000001818000019
:10573000000000000000000800000000000808044D
:10574000000000402010080402040810204000005F
:105750000000000000007F0000007F00000000004B
:10576000000000020408102040201008040200007D
:105770000000003C42424640201010001818000073
:105780000000001C225A555555552D42221C000080
:105790000000000808181414243C224242E70000CC
:1057A0000000001F2222221E22424242221F00002D
:1057B0000000007C4242010101010142221C000064
:1057C0000000001F2242424242424242221F000089
:1057D0000000003F4212121E12120242423F00001D
:1057E0000000003F4212121E1212020202070000C5
:1057F0000000003C2222010101712122221C000034
:10580000000000E7424242427E42424242E700003C
:105810000000003E0808080808080808083E0000C4
:105820000000007C10101010101010101010110F3C
:105830000000007722120A0E0A12122222770000BC
:10584000000000070202020202020202427F000080
:1058500000000077363636362A2A2A2A2A6B0000BC
:10586000000000E346464A4A525252626247000034
:105870000000001C2241414141414141221C0000E5
:105880000000003F424242423E0202020207000084
:105890000000001C2241414141414D53321C600037
:1058A0000000003F4242423E1212222242C7000044
:1058B0000000007C4242020418204042423E0000A8
:1058C0000000007F4908080808080808081C0000B4
:1058D000000000E74242424242424242423C000053
:1058E000000000E742422224241414180808000093
:1058F0000000006B494949495555362222220000D3
:10590000000000E7422424181818242442E700006D
:10591000000000772222141408080808081C000060
:105920000000007E2120101008040442423F0000C5
:105930000078080808080808080808080808780017
:105940000000020204040808081010202020404033
:10595000001E1010101010101010101010101E004B
:1059600000384400000000000000000000000000BB
:10597000000000000000000000000000000000FF28
:105980000006080000000000000000000000000009
:10599000000000000000003C4278444242FC00004D
:1059A000000000030202021A26424242261A0000A8
:1059B00000000000000000384402020244380000E9
:1059C00000000060404040784442424264D80000F9
:1059D000000000000000003C427E0202423C000049
:1059E000000000F08808087E08080808083E00004B
:1059F000000000000000007C22221C023C42423CCD
:105A0000000000030202023A4642424242E700001E
:105A10000000000C0C00000E08080808083E0000FA
:105A20000000003030000038202020202020221EDE
:105A30000000000302020272120A1612227700000E
:105A40000000000E0808080808080808083E0000C2
:105A5000000000000000007F9292929292B7000036
:105A6000000000000000003B4642424242E70000C6
:105A7000000000000000003C42424242423C000064
:105A8000000000000000001B26424242221E0207C6
:105A9000000000000000007844424242447840E0A8
:105AA00000000000000000774C040404041F000004
:105AB000000000000000007C42023C40423E00002A
:105AC000000000000008083E080808080830000030
:105AD00000000000000000634242424262DC00001D
:105AE00000000000000000E7422424140808000021
:105AF00000000000000000EB49495555222200003B
:105B0000000000000000007624181818246E000021
:105B100000000000000000E74224241418080807D1
:105B2000000000000000007E22100808447E0000F3
:105B300000C0202020202010202020202020C00075
:105B40001010101010101010101010101010101055
:105B500000060808080808100808080808080600D1
:105B60000C32C20000000000000000000000000035
:105B700038B5040001D1012032BD00F04CF818B94D
:105B800000F045F800F07AFDFFE70220211D687063
:105B9000206800F02EFA0120012128730122A9704B
:105BA000EA7028716971AA71E87129726A72A87223
:105BB0000020E9726A7032BD2068016841F001017D
:105BC00002461160704705460C462868002200F026
:105BD000FDBB2068DFF8C031DFF8D411DFF8C82141
:105BE0009842704728686C4B40F2444141F21112D0
:105BF0009842704738B5040001D1012032BD00F051
:105C00000AF818B900F003F800F0CEFDBDE7002156
:105C100020462970704704F13C0568787047F8B554
:105C2000044604F13E0009B902780FE0042908BFD8
:105C300042780BD0082908BF827807D00C2908BF0A
:105C4000C27803D010290CBF02794279012A01D011
:105C50000120F2BD11B90222027014E0042902D120
:105C6000022343700FE0082902D1022282700AE069
:105C70000C2902D10223C37005E0102907BF0222BC
:105C800002710223437100F041F8FFF7A2FF18BF31
:105C9000904208D088421FBFDFF84451A842DFF885
:105CA0004461B04203D1476C47F400474764206821
:105CB000984218BFB0F1804F0FD000F02BF81CBFF6
:105CC000374DA84209D0374EB04218BF904204D099
:105CD00000F023F818BF884208D100F012F818BF6E
:105CE000B0F5803F04D0FFF767FF01E000F002F855
:105CF0000020F2BD03461946186840F00100086014
:105D0000704781683548084006287047206801229E
:105D100000F05CBB214B98427047244A9042704788
:105D2000F8B5FFF750FFFFF75DFF1CBF1E4EB042F6
:105D300009D01F4FB8421FBFDFF8A4309842DFF8E8
:105D4000A460B04206D1076A174204BF036A0B423F
:105D500000F034F800F02EF804BF006A084200F0AA
:105D600033F814B90121017014E0042C02D101228E
:105D700042700FE0082C02D1012181700AE00C2C46
:105D800002D10122C27005E0102C07BF0121017170
:105D9000012242710020F2BD0000014000040040D9
:105DA00000080040000C00400004014000180040C2
:105DB000004001402868036A1342704703D1466CD3
:105DC00026F400464664704705D12A6811684908E0
:105DD00049001046016005F13E00704707000100D0
:105DE0000044014000480140002084F83C0028465F
:105DF000704770B500F085F801D1022070BD012117
:105E000084F83C1052B1042A1AD0082A2BD00C2A4C
:105E10003BD0102A4CD0142A5CD06EE0206831466A
:105E200000F03FF92168886940F0080088618B69BB
:105E300023F004038B618A69306902438A615DE063
:105E40002068314600F06FF92068816941F40061F3
:105E50008161826922F4806282618169326941EAEA
:105E6000022181614AE02068314600F09BF92168F7
:105E7000C86940F00800C861CB6923F00403CB6116
:105E8000CA6930690243CA6138E02068314600F0CF
:105E9000C3F92068C16941F40061C161C26922F49B
:105EA0008062C261C169326941EA0221C16125E0B3
:105EB0002068314600F0D7F92168486D40F00800AD
:105EC00048654B6D23F004034B654A6D306902430E
:105ED0004A6513E02068314600F0F0F92068416D12
:105EE00041F400614165426D22F480624265416D7A
:105EF000326941EA0221416500E00125FFF774FFA4
:105F000070BD0446002594F83C000E4601287047F9
:105F1000F8B5044604F13C0630780025012801D18B
:105F20000220F2BD012202233270DFF848047370B0
:105F300022689368034093600868070018BF102820
:105F400041D0202818BF30283DD0402837D05028D5
:105F50002AD060282CD0702817D0B0F5805F38D0B8
:105F6000B0F5005F18D0B0F5801F18BFB0F1101F5A
:105F700029D0DFF8041488421FBFDFF800148842DC
:105F8000DFF8FC1388421ED022E000F02CF82068D5
:105F9000816841F0770105E000F025F8206881680C
:105FA00041F48041816014E000F019F850210BE0C9
:105FB000CA684968206800F0C1F9602104E000F077
:105FC0000EF8402100E00146206800F0C9F900E029
:105FD000012501200021707028463170F2BDCA6889
:105FE0004968206898E1CB684A688968206800F0B1
:105FF000E3B92DE9F043DFF88CC30368DFF8884389
:10600000DFF88853DFF88883DFF88893DFF8882388
:10601000DFF888E3DFF88863604518BFB0F1804F90
:1060200007D0B04218BF704503D0904218BF484512
:106030000DD123F070074B683B43604518BFB0F1AA
:10604000804F0CD0B0421CBF7045904207D04845ED
:1060500018BF404503D0A84218BFA04203D123F483
:106060004072CB6813434A69D1F808E023F08003FB
:10607000C0F82CE00E6813438662604518BF48459F
:1060800004D040451CBFA842A04201D10969016368
:106090000268012442F00402026044610360BDE82A
:1060A000F0832DE9F041036A026ADFF8D882DFF855
:1060B000DC72DFF8DCC2DFF8DCE252085200026278
:1060C000446886690D68DFF8DC2223F0020316407D
:1060D00035438E681E43DFF8B032404518BF704527
:1060E00004D060451CBFB84298420DD1CA6826F062
:1060F0000806164326F00406404518BF704505D033
:10610000604518BFB84201D0984205D14B6924F4CC
:10611000407423438C691C43446085614968416332
:106120000662BDE8F081F0B5056A026ADFF87842E0
:1061300022F010020262436882690E6825F0200591
:1061400014408A6844EA0624DFF83862B04245EA1F
:106150000215DFF8402218BF904208D1CF6825F021
:106160008005B04245EA071525F040050DD0904264
:106170001CBFDFF81C22904207D0DFF81062B0424B
:106180001CBFDFF80472B84206D14E698A6923F455
:106190004063164343EA8603436084614968816330
:1061A0000562F0BDF0B5046A026A22F480720262F0
:1061B0004368C6690D68DFF8EC218F6824F4007429
:1061C000164035436F4E44EA0724724AB04218BF66
:1061D000904208D1CF6824F40064B04244EA072416
:1061E00024F480640AD090421CBF694A904205D0D2
:1061F000664EB0421CBF644FB84206D14E698A69F0
:1062000023F44053164343EA06134360C5614968CB
:10621000C1630462F0BD0000F0B5046A026A624B1B
:1062200022F4805202624268C5690E6824F4005468
:1062300000F06BF844EA05341CBF564FB84207D053
:10624000534DA8421FBF514EB0424F4FB84204D1E8
:106250004D6922F4804242EA85124260C361496876
:1062600001640462F0BDF0B5046A026A22F480326F
:1062700002624368456D4D4A8E6824F4003415402F
:106280000A682A433F4D44EA0644A8421CBF414FD6
:10629000B84207D03E4EB0421FBF3C4DA8423A4FD5
:1062A000B84204D14D6923F4803343EA05234360A7
:1062B0004265496881650462F0BD0000F0B5046A7A
:1062C000026A3B4B22F4801202624268456D0E68FE
:1062D00024F4001400F019F844EA05541CBF2D4FB3
:1062E000B84207D02A4DA8421FBF284EB042264FC1
:1062F000B84204D14D6922F4802242EA85224260EC
:1063000043654968C1650462F0BD2B408D6843EA6E
:1063100006231C4EB042704730B5036A046A640815
:1063200064000462856923F00A03194325F0F0052F
:1063300045EA0215FFE78561016230BD30B5036AA9
:10634000046A24F010040462856923F0A00343EA80
:10635000011325F4704545EA02358561036230BDBD
:106360008368144A1340194341F007018160704764
:10637000000000008800CEFF200010003000100058
:10638000400010000000014000480140004401406E
:106390000040014000040140000C004000080040A3
:1063A000000400408CFFFEFFFF8CFFFE8FFFFEFF0E
:1063B000FF8FFFFE8FFFCFFF10B5846824F47F446A
:1063C0002143114341EA0321816010BD30B5036AC6
:1063D00001F01F0101248C4002FA01F1A343036282
:1063E000056A2943016230BD81B0DFF87C03016892
:1063F00041F002010160006800F002000090009985
:1064000001B0704710B5B6B00446142100226846AA
:1064100000F0CCF900F02DF92068DFF85013884225
:106420005CD14FF0007200F01EF91994FCF744FCA7
:1064300008B100F033FDDFF83803026842F480420F
:106440000260016801F480410591059AC36843F038
:106450001003C360C16801F010010591059AC3687B
:1064600043F00203C360C16801F002010591059A7F
:10647000C168022241F00801C160C068042100F037
:1064800008000590059B00910321019209220391C8
:1064900069460294DFF8DC02049200F009FD042151
:1064A000022200910321019209220294DFF8C842DE
:1064B000039100F0D3F84FF4605100F011F8092275
:1064C000029369460492DFF8B40200F0F1FC402127
:1064D00000F006F80A22029300F0C0F836B010BDB2
:1064E000022200910321019200230391704738B5E5
:1064F000B0B00446C02100226846A14D00F056F914
:106500002468AC4212D14FF4800200234FF4807112
:106510006846CDE900232D91FCF7CEFB08B100F0D1
:10652000BDFC9848016841F40041016031B030BDC4
:1065300070B5B6B00446142100226846924D00F0B2
:1065400035F900F096F820689049884233D14FF42D
:10655000805200F088F81E94FCF7AEFB08B100F002
:106560009DFCA96841F40041A960A86800F40040BE
:10657000059005992A68182142F002022A602868CD
:10658000022200F002000590059B0192062202946F
:106590000394794C009100F061F8022220210192CD
:1065A0000023009107220293694603932046049238
:1065B00000F07EFC50E0764988424DD14FF4005205
:1065C0000023002606A8CDE906231F96FCF774FBDE
:1065D00008B100F063FC296941F400512961286980
:1065E00000F40050059005992A684FF4E04142F00C
:1065F00010022A6028680222664D00F01000059003
:10660000059B01920522009169460296594803961E
:10661000049200F04DFC6048542128604FF48060E3
:106620006960402228614FF48031AA602846EE60FC
:106630006E61AE61EE6129626E62F9F72DFE08B1FE
:1066400000F02CFCA5670022AC6304215420FDF768
:10665000C4FB5420FDF7DEFB36B070BD69460492E2
:10666000204600F025BC0023002406A8CDE906231F
:106670007047C021002206A800F098B881B00068D9
:10668000B0F1804F09D14548016841F00101016036
:10669000006800F001000090009901B0704710B54B
:1066A00086B000F05AF82368B3F1804F13D1364812
:1066B0000222016841F0010101600068082100F038
:1066C00046F8012201910023039301A90493344861
:1066D000059200F0EDFB06B010BD10B5B6B000F0AD
:1066E0003CF8FFF7C6FF20682E4988422DD10122D1
:1066F000FFF7B9FF2594FCF7DFFA08B100F0CEFBF5
:106700002148026942F010020261016901F01001A2
:106710000091009A03684FF4C061022243F0010324
:106720000360006800F013F80722019101A90394A7
:106730001B480494059200F0BBFB00220021252099
:10674000FDF74BFB2520FDF765FB36B010BD00F0D3
:1067500001000090009B0292704704461421002221
:1067600001A800F023B80000F44402580050005281
:10677000D44402580010025800040258000C025879
:106780000040005870440258E0440258003C004069
:10679000003401408805002010000240E8440258FF
:1067A0000000025800100140704770474018491C13
:1067B0001CBFB1F1010100F8012DF9D170477047FC
:1067C0000068DFF89816884208BF00F004BE7047E2
:1067D0002DE9F04190B0102100226846FFF7E6FF56
:1067E000FDF735FB012100228DF800101F218DF8E7
:1067F000012000238DF808100121872201938DF8D4
:1068000009206846ADF80A30DFF854468DF80C10C0
:106810004CF201088DF80D10DFF84876ADF80E3017
:10682000DFF84456FDF72AFB01214FF010528DF896
:1068300001101221019200228DF8081001218DF81B
:10684000092003228DF80A1000218DF80B206846DC
:106850008DF80C10DFF81466FDF710FB02214FF0E5
:1068600010428DF801101621019200228DF80810B7
:1068700068468DF80A208DF80D20FDF7FFFA0420F8
:10688000FDF7EFFA00F03AFF00F077FA142100224A
:106890006846FFF78BFFA16841F01001A160A06876
:1068A00000F0100000F065FA42F00402A260A06857
:1068B00000F0040000F05DFA42F08002A260A068DF
:1068C00000F0800000F055FA42F00102A260A068DA
:1068D00000F0010000F04DFA42F00202A260A06850
:1068E00000F0020000F045FA42F00802A260A06841
:1068F000002200F00800059005993846414600F056
:10690000C2FB002248F68271284600F0BCFB002240
:106910004FF48041304600F0B6FB012201212846A9
:1069200000F0B1FB01210022CDF80080019102921C
:1069300003926946384600F0BBFA48F6807100239E
:1069400000910122019269460293284603934FF079
:10695000806700F0ADFA4FF48041012200910023DE
:106960000192694602933046039300F0A1FA032195
:10697000012200912846039169460192DFF8F05404
:10698000029200F095FA2168002241F00101216095
:1069900020684FF4800400F00100009000990B2063
:1069A0000521FDF71AFA0B20FDF734FA05F18800EE
:1069B000DFF8C034036000210722416100238160B9
:1069C000C260002203614FF0805143624FF0804368
:1069D00044608761C16102628262C2624363826312
:1069E000C263026442648264C26402654265826575
:1069F00000F0B8FE08B100F051FA05F5EE76DFF8C8
:106A000078043060012120227160B26000211620DC
:106A1000102330610122F36030467161B261F1618F
:106A2000316201F0CBFA08B100F038FA07220021F8
:106A3000DFF84804EA6028604FF0A0426C60284606
:106A4000A96029616961AF61EA6129626962A9622D
:106A5000E9626963A963E96329646964A964E96413
:106A600029656965A96500F07DFE08B100F016FA98
:106A70001421002201A8FF24FFF798FE00202821FE
:106A80000090002206A805F50A77FFF78FFEDFF8D1
:106A9000F0030021F0647F22316538467265B465E9
:106AA000F1657166B166316601F064FD08B100F010
:106AB000F5F90021384643F2F22802F000F840458B
:106AC0003ED000210122ADF8041038468DF80610A2
:106AD0000491059101A901F09DFD08B100F0DEF9D6
:106AE000012101228DF8001038468DF80210002196
:106AF0008DF8031069468DF8012001F00CFE08B1F5
:106B000000F0CCF900214FF48072ADF8181038462F
:106B10008DF81A10079109910A910B910C910D9122
:106B200001218DF8381006A90F92012201F070FEA4
:106B300008B100F0B3F942460021384601F0B8FF31
:106B4000102100220AA8FFF731FE00201C2100902E
:106B500000220190029003A8FFF728FE4FF080402A
:106B6000002130674FF0FF30F06705F5177071674F
:106B7000B16705F51376016081603046FEF7F8FFD6
:106B800008B100F08BF94FF480500AA90A90304602
:106B9000FFF7BEF908B100F081F93046FFF72AF897
:106BA00008B100F07BF9002130460091029169465E
:106BB00001F08CFF08B100F071F96021002203910F
:106BC00003A904923046059207920C22FFF711F9AF
:106BD00008B100F063F9304605F58875FFF75FFDF1
:106BE0004FF4964100229D48696028600C21AA60FC
:106BF0002846EA602A616961AA61EA612A626A62DA
:106C0000AA62FAF783FF08B100F048F9002128468C
:106C100001F0C9FF08B100F041F90021284601F058
:106C2000CDFF08B100F03AF9284601F09FFF08B106
:106C300000F034F993489449026893030BD400F0B0
:106C400093F800260E6000F08FF8026842F40032DC
:106C5000026000F089F80368DE0320D40022026796
:106C6000BFF34F8FC26EC2F34E33C2F3C90643F671
:106C7000E07000EA431040EA867008613046461E24
:106C80000028F4D11846431E0028EED1BFF34F8FE1
:106C90007C48016841F48031016000F065F801F042
:106CA000DFFF4FF4C87002F091F902F03FFA02F0F2
:106CB00087FF00220DF105008DF804200DF1060379
:106CC0008DF8082002A98DF807208DF805200DF118
:106CD0000702009001A88DF8064000F09EFCA0B1CC
:106CE0009DF8040003F04CFA9DF805309DF806204D
:106CF0009DF807109DF8080000F088FC00F060FC8B
:106D00009DF8040003F024F901E003F0E6F800F038
:106D10004DFB00BF63A103A803F062FB4FF47A733D
:106D2000202203A92846FAF73CFF584C05E00A2127
:106D30004FF4967003F0E4F908E003F0A8F9207826
:106D40000028F4D15A21282002F0ADFF207808B1A4
:106D500003F02AFA00F09DFB00F060FA00F089FBD6
:106D6000052003F05DFBE8E7BFF34F8FBFF36F8FA4
:106D7000704705900599A268704710B59CB04C21EA
:106D8000002209A8FFF712FD2021002201A8FFF729
:106D90000DFD022003F058FB002000903C480168E4
:106DA00049084900016002683A4802F00102009275
:106DB000036843F440430360016801F440410091DB
:106DC000009A01688B04FCD503F066FB00F0BBFC65
:106DD00041F204018842304C05D22268012060F360
:106DE000C402226004E02068022161F3C400206034
:106DF000012105220B9140210992022215910421C3
:106E000012924FF48033139209A81492169217919C
:106E10000C21189200220A9319911A921B9203F0E6
:106E200043FB08B100F03AF83F2103220191082109
:106E300002924022049140210592002306914FF4D2
:106E4000806208910221039301A80792FCF7ACFD30
:106E500008B100F023F81CB010BD00000010014084
:106E6000D84402580004025800100258000C02587E
:106E7000240100200034014000500052003C00403A
:106E80000040005814ED00E050EF00E01500002035
:106E90002C040058184802587044025872B6FEE795
:106EA000000000006170702053746172740D0A005C
:106EB0002DE9F84F0027DFF8D8814FF0B045DFF813
:106EC000D49102460B462EE0734CA24214BF0A2412
:106ED00009248C4044EA0E047049C64341F82C4012
:106EE00029685C683140E40248BF01432960696851
:106EF0005C683140A40248BF01436960D8F80410BF
:106F00005C683140A40348BF0143C8F80410D8F8B6
:106F1000001006EA010C5968C90348BF40EA0C0C8E
:106F2000C8F800C07F1C186830FA07F100F0A38091
:106F30000121B9400840F5D04FEA470C032404FA78
:106F40000CF46FEA040E5C6804F00306012E1CBF0B
:106F500004F00304022C10D19468DE680EEA0404E5
:106F600006FA0CF634439460546824EA01015C6824
:106F7000C4F30014BC40214351601C79B90004F0F3
:106F80000304032C20D0D4689E680EEA040406FA99
:106F90000CF63443D4601C7904F00304022C13D1A2
:106FA000FE084FF00F0A02EB860401F01C060AFAF5
:106FB00006FAD4F820B02BEA0A0BD3F810A00AFA8C
:106FC00006F646EA0B06266214680EEA04061C79E9
:106FD00004F0030404FA0CF444EA060CC2F800C0FE
:106FE0005C6814F4403F9DD0D9F800404FEA970CFC
:106FF00001F00C012A4E44F00204C9F80040D9F80F
:1070000000E00EF0020ECDF800E0009CDFF88CE00E
:107010005EF82CE00F248C40B2422EEA040E08BF2A
:10702000002427D01F4CA24208BF012422D01E4CAE
:10703000A24208BF02241DD01C4EB24208BF032446
:1070400018D01B4CA24208BF042413D0194EB242E0
:1070500008BF05240ED0184CA24208BF062409D050
:10706000164EB24208BF072404D0154CA2427FF44A
:107070002BAF08242DE7BDE8F18F0069084018BF49
:107080000120C0B2704702B9090481617047000055
:1070900080000058F44402580024025808040058A4
:1070A000000002580004025800080258000C025860
:1070B000001002580014025800180258001C025810
:1070C00000200258012000E00020DFF8A41588719C
:1070D0007047DFF89C0540797047DFF89405C07869
:1070E0007047F0B50D460446DFF8841589B008787E
:1070F00030B90FF2C4522946204603F05FFC4DE040
:107100008E78DFF870351421DFF86C7503EBC6005C
:1071100000F1120604A803F073FC03A8002101602B
:10712000002204A9384601F0D8FA002203A9384603
:1071300001F03EFB9DF810103C209DF81120737863
:1071400011FB00F18918B278F6781F4617FB00F79B
:10715000BF18BE19B94210DBB14218DA3C219DF8C4
:107160000D3096FBF1F100FB1160019102909DF84A
:107170000E00DFF8082500900CE09DF80E0002924A
:1071800001939DF80D3000900FF2385202E000920A
:107190000FF24C522946204603F010FC09B0F0BD16
:1071A00078B504463A222146DFF8D4048FB012FBAA
:1071B00001016846DFF8BC5401F0D2FE9DF80010D2
:1071C0000F22681C29700DF10101FDF75BFE002004
:1071D0002874C0EBC0026A4402F1100105EBC00242
:1071E0000B78401C052893744E78D6748B781375F1
:1071F000CE7856750B794E7946EA0326D682897980
:107200001176E6DDDFF86804012101700022FF211C
:107210004470827010B0C270017170BD2DE9F843E6
:10722000DFF84C4486B0207800281CBFA1790029E3
:1072300000F08080142101A803F0E2FB0020DFF8B9
:1072400038540090002201A9284601F046FA002295
:1072500069462846DFF81C5401F0AAFA20799DF807
:107260000210814218D0FF2813D0A378E27805F1EC
:10727000120616F83370521CD0B2B84208D35B1C09
:10728000062693FBF6F60620002200FB1633A370B9
:10729000E270217100F094F9A1789DF8042005F1C5
:1072A0001200DFF8E053DFF8E063DFF8E083DFF897
:1072B000E09300EBC1079DF805103C2010FB021184
:1072C000BA787B7810FB03226079914216D3FB7861
:1072D0001A44914212D200282CD1B88800F05AF9F1
:1072E0000C214846FEF79BFCBF79380048D0062F9A
:1072F00046DC012F0CBF012200221EE0D0B10C2180
:107300004846FEF70DFD0022802100F04CF80022D7
:1073100000F047F800224FF4007100F044F800221A
:1073200000F03AF8002200F02DF8002200F02FF8CB
:107330000020607107B0BDE8F083802100F033F8D1
:10734000022F0CBF0122002200F02BF8032F0CBFEC
:10735000012200224FF4007100F025F8042F0CBF29
:107360000122002200F018F8052F0CBF0122002294
:1073700000F008F8062F0CBF0122002200F007F8E9
:107380000120D6E74FF400413046FFF77CBE4FF4B2
:1073900080412846FFF777BE4FF480413046FFF723
:1073A00072BE4FF480714046FFF76DBE10B50022EB
:1073B00005212520DFF8DC42FCF70FFD2520FCF736
:1073C00029FD0122611CDFF8D002FAF73AFCFAF736
:1073D00097FBA06410BD70B5DFF8B8426678FAF785
:1073E0008FFBA578A06420782A4618B102282CD0FB
:1073F0000BD322E0AA2E03D10121002521701CE02D
:107400007E2E1AD10025022016E0BB2E2AD1E67866
:10741000052E10DC04EB861004F108014C30FDF75A
:1074200031FD9E498D55761CF2B2062A02D101200B
:1074300000262071E67000202070A570611C0122DA
:107440009548BDE87040FAF7FCBB7E2E0AD12800B3
:1074500008D004F108019248FDF714FD6571012080
:10746000A071E8E7402DE6DA04F108014E556D1CE5
:10747000E3E710B5874C207850B1FAF741FBA16CD7
:1074800040F22D12401A904202D300202070A070CA
:1074900010BD2DE9F041E0B07E4C2079E8B100212B
:1074A0000025217100267D4F17F8068004EB861316
:1074B0000DEB0500761C424603F14C01FDF7E2FCA2
:1074C000062E4544ADB2EFDB764E304601F0B8FCF7
:1074D0002A463146684601F020FDA07950B30021CC
:1074E000A1716279072A25DD6D4A1078182821D10B
:1074F000107954789578D67801280CBF0723431E5D
:1075000050799179D2791828BCBF3C293C2A11DAEC
:10751000DFB27FB1072F0DDC37000BD0202E09DA48
:107520002F0007D00D2D05DA0294DBB201950096ED
:1075300000F003F860B0BDE8F0812DE9F04786B0B7
:107540008246894690461F460E9C0F9D109E142130
:1075500001A803F055FA00208DF806800090DFF8AE
:1075600018818DF804A000228DF8059001A94046ED
:1075700001F050F88DF8007000228DF80240694645
:107580008DF8015040468DF8036001F0C4F806B054
:10759000BDE8F08710B53E49434C0A68002304EB70
:1075A00050049362B4FBF0F0431E4008D362CB60FA
:1075B000096808643D48026842F00102026010BD9B
:1075C0001CB52B494A788B788DF80020CA788DF845
:1075D00001300B798DF80220354A107889798DF8C1
:1075E00003308DF8041002280CBF012000208DF814
:1075F0000500A5212F4C8DF80610204601F020FC37
:1076000007222146684601F088FC13BD10B5184CCE
:10761000A070E1702271A37110BDFEB504460D4645
:1076200016461F4600F01DF89DF80610A52916D134
:107630009DF8000098B10146062910DC08982170D9
:107640009DF801202A709DF8021031709DF80320EA
:107650003A709DF8041001709DF80500FEBD0020F1
:10766000FEBD07221349684601F07ABC0000000005
:107670001A010020000600204C03002038B1000849
:10768000C6DF7F00000C02580004025800100258A8
:1076900070030020BC03002034020020B00600204C
:1076A0004406002000E07F0000C2EB0B1400004005
:1076B0001500002000D07F004E6F20636F6E66695A
:1076C000670000004E6578743A20253032642F251B
:1076D00030326420253032643A25303264000000B4
:1076E0004E6578743A20546F6D6F72726F772025F3
:1076F0003032643A253032640000000038B503208F
:10770000134DFCF760FBFCF753FA1249124A0B6861
:10771000C3F30323D45C096801F00F01525C04F049
:107720001F04E0400D4C02F01F0220FA02F3236018
:1077300028600F20FCF718FB08B1012032BDFEF7CE
:1077400053FE002032BD06480068000C7047000060
:10775000B000002018440258FCAF0008B40000201C
:107760000010005C70B504003FD00020DFF86433E7
:10777000A0622068DFF86013DFF8602398421CBF26
:107780009042884202D0E568102D2ED2E668E56B63
:107790000836F6086D096D1C754398421CBF90426F
:1077A000884220D0082D20D804F18005697821B9BD
:1077B000002028702046FEF7BBFE02226A70206877
:1077C000016849084900016023689B68A069B0F11D
:1077D000806F03F4F81316D16068B0F5800F06D1FE
:1077E000A06B80B909E0102DDED9012070BD002802
:1077F00004BFA16BB1F1805F05D12268106840F42D
:10780000805011460860626850020AD5E168072975
:1078100007D321680A68206D22F4807202430A604F
:1078200004E02068016821F480710160E269A06AC7
:10783000E16B266802431343E2680B431343B360D2
:10784000636B606AA16BA2692668034320690B43DE
:1078500061691343226A034360680B43E16C13437D
:10786000A2680343A06C0B43A16D134303430B4376
:10787000F360606858B920680121826861F3CC2206
:10788000022182602068826861F34A228260206857
:10789000016D4908490001656068410206D521680B
:1078A000CA68606D22F000420243CA6000210122D2
:1078B000696000206A7070BD2DE9F84305460E46E8
:1078C00091469846FAF71CF905F180077978012965
:1078D00008D1002E14BFB9F1000F012003D0397870
:1078E000012901D10220BAE0012203213A700023CC
:1078F000797005F160047B60EE65A4F80090A4F84F
:10790000029063602381638163612361AB682968AE
:10791000B3F5C02F04D10A6842F400620A6003E0A4
:10792000CB6862F35243CB6029684A6869F30F025F
:1079300000F0BDF803D2082906464AD324E00646E3
:1079400008E0E96D0A680262E86D031DEB65618875
:107950004A1E6280608800286ED0286841698A07C4
:10796000EFD4FAF7CDF8801B404503D318F1010F8F
:10797000F0D058E0B8F1000FECD154E000F079F805
:10798000A2F1020CA4F802C06088002854D0296833
:107990004A6990070AD56388022B02D3E86B002856
:1079A000ECD100F05EF8531E6380EDE7FAF7A8F81B
:1079B000801B404503D318F1010FE5D033E0B8F147
:1079C000000FE1D12FE000F054F8A2F1040CA4F86C
:1079D00002C0608800282FD029684A6990071AD50C
:1079E0006388042B24BFE86B4128ECD26288022A0A
:1079F00006D3E86B20B100F034F8931E6380E8E70B
:107A0000E86D027881F82020E96D4B1CEB656088F9
:107A1000421E6280DDE7FAF773F8801B404507D30A
:107A200018F1010FD5D000F038F800F02AF816E070
:107A3000B8F1000FCDD1F6E70096434600220821A9
:107A4000284600F09BFA18B1786840F02000786072
:107A500000F023F800F024F818BF0120C0B2BDE800
:107A6000F283EA6D13880B84E86D811CE9656288F6
:107A70007047E86D02680A62E96D0B1DEB6562886C
:107A8000704705F1800001224168002341F48071B4
:107A900041604270037003207047284600F00EBA20
:107AA00001200021787039707A68100070474A60B0
:107AB00029680B6843F001030B606968B1F5800F1A
:107AC00004D129680A6842F400720A60E968102942
:107AD0007047000000300140003C0040003800408A
:107AE000F8B500F083F806D1002933D0280031D052
:107AF0003078012801D10220F2BD0122032000F0DC
:107B00007CF8E16500213D807D807B6079613B618F
:107B10003B817981A2682068B2F5C02F04D1016849
:107B200041F40061016004E0C268012161F3524246
:107B3000C260E268B869102A816902D3B1F5804F4A
:107B400007D1082A08D3B1F5005F1BD0B1F5804FEB
:107B500012D033700120F2BDB1F5005F03D17988F6
:107B6000491C490879808169B1F5804F0AD17A882A
:107B7000D21C92087A8005E0102A03D27988491C29
:107B8000490879800FF2E5220264B9690FF2B92041
:107B90000FF2E122C863B869C264BA69136520684C
:107BA000816821F4004181607B882068E16D00F1EB
:107BB0002002B869F8F763FD10B100F037F8F2BDA4
:107BC00000F00AF806BF090C090465F30F0100F084
:107BD00037F842F4487206E0B9692068CA69B2F51C
:107BE000807F4168704700F00FF8F2BD044604F151
:107BF0008006707815460128704732700023707037
:107C000004F160077360704702612068016841F009
:107C1000010101606068B0F5800F04D1206801683F
:107C200041F40071016000203070704770680121DC
:107C3000002240F0100070600120717032707047B7
:107C400041602068816841F40041816020680269D8
:107C500070472DE9F04105460020296805F17004C0
:107C60000A694B69D1F80880677C03EA02061B05A4
:107C70000AD5120708D58B69284643F400638B6147
:107C8000BDE8F04102F0BFBE06F06402042A06D14E
:107C9000616828468847226828469047012006F0F8
:107CA0004503012B03D1216828468847012006F0AF
:107CB0002602022A04D128466168BDE8F04108473F
:107CC000002850D1300754D52868816941F0080157
:107CD00081612868826942F01002826128688169A6
:107CE00041F4006181612868026922F008020261A2
:107CF0002868816811F4404F18D0FFF7CEFE0121AB
:107D00006174606900B390E091F830100170686EA2
:107D1000421C05E0082AF7D3098E0180686E821C98
:107D20006A66B5F86A104B1EA5F86A30B5F86A00A5
:107D30000028E2D0EA68686E2968102AEAD3096B45
:107D40000160686E021DEBE7052F04D12846BDE8EF
:107D5000F04102F059BE042F04D12846BDE8F0419D
:107D600002F053BE032F65D12846BDE8F04102F072
:107D70004DBE16F4587F5DD0700607D5626942F09B
:107D8000040200F059F841F040018161B00507D5C7
:107D9000626942F0010200F04FF841F40071816124
:107DA000F00507D5626942F0080200F045F841F499
:107DB00080718161B00607D5626942F0800200F0EF
:107DC0003BF841F020018161606998B3286801683F
:107DD000490849000160296866480A69024008F4B8
:107DE0004040B0F5404F0A611DD128680FF2B1053F
:107DF000816821F440418160E06840B10565E06838
:107E0000F8F78AFF18B1606940F040006061A0682F
:107E100080B10565A068F8F77FFF58B1616941F04E
:107E20004001616106E0012060742846BDE8F04130
:107E300002F042BEBDE8F081626128688169704746
:107E400090F8810070470000806B90F8811007293E
:107E50000BD0826FD169B1F5807F08BF02F0D6BD2B
:107E60000068016941F0080101617047806B02F010
:107E700024BE000010B5846BF9F76AFC02280DD00F
:107E8000204600F01BF8D4F88400012140F01000D7
:107E9000C4F88400204684F881100BE010BD000077
:107EA00010B5806B00220023012400F162010A81D9
:107EB0000B80CC77BDE8104002F0FEBD30B5016804
:107EC0004A698B6943F008038B6101688C6944F04F
:107ED00010048C6101680B685B085B000B60036831
:107EE00025491C690C401C6101688B6823F44043E0
:107EF0008B6000F16201CC7F042C0CD093060AD574
:107F0000D0F8845045F08005C0F8845003689C691F
:107F100044F020049C61CB7F032B0CD054060AD57F
:107F2000D0F8843043F00403C0F8843003689C69BF
:107F300044F040049C6193050AD5D0F8845045F084
:107F40000105C0F8845003689C6944F400749C6186
:107F5000D2050AD5D0F8843043F00803C0F8843045
:107F60000068826942F480728261002000230880E8
:107F70000B8130BD94FCFFFF90FCFFFF2DE9F04129
:107F800005460E4690461C46069F286841693140CA
:107F9000B1420CBF0120002040450CD1F9F7B0FDE3
:107FA000C01BA04204D314F1010FEED0032003E064
:107FB000002CEAD1FAE70020BDE8F081F8B50446CC
:107FC000F9F79EFD06460CB90120F2BD94F8410078
:107FD00004F1440528B92046FEF714FA41F288322C
:107FE0006A60206833460168A26821F4F851521E85
:107FF00041EA022100220160686800F02CF80100CB
:1080000025D12668DFF83C1237686368E2680F40C4
:10801000E16947EA0367236A17430F43DFF8281231
:108020001F43376023685E68276962690E40A16953
:1080300046EA0746164300220E435E6021680B683D
:1080400043F001030B6001212A6084F84110F2BD66
:108050007A607970B86800902021204600F0D2B98B
:108060002DE9F84304468946154600F044F9804658
:108070003878012808BF022028D000F02CF921D13F
:10808000002202217A604346797020210095FFF793
:10809000E4FF0646B8B9002200F067F9D9F82400D9
:1080A00068B90095434601220221FFF7D6FF064634
:1080B00048B9216802200122C8607A7003E00120DB
:1080C000787000E00226002130463970BDE8F28366
:1080D0002DE9FC4106460C46154606F14007F9F726
:1080E0000FFD31683A7801F12008012A08BF02200B
:1080F00044D001233B707A78012A3CD14FF0000C28
:10810000C7F804C08CB312227A700B695B1CF3624F
:108110000A69521CB26274624B69044623F04063E0
:108120004B6110E001220421304600F06BF90100A0
:1081300018D1706A017888F80010726A531C736253
:10814000F16A491EF162F06A009523460028E9D1E0
:1081500001220221304600F055F9010002D13268B7
:108160000221D16001237B7006E0786840F00800AE
:108170007860012000E0022000213970BDE8F6811E
:108180002DE9FC4105460C46174605F14006F9F776
:10819000B7FC29688A69337801F12008012B08BFF0
:1081A00002204CD04FF0010C86F800C07378012BF0
:1081B00042D14FF0000EC6F804E0BCB32223737026
:1081C000D1F810C00CF1010CC5F838C00B695B1C6C
:1081D0006B6301232C634C6963F39B644C612968D6
:1081E00004468A6110E001220621284600F00AF9BF
:1081F000010018D198F80000296B08702A6B531CF5
:108200002B63A96B491EA963A86B0097234600281E
:10821000E9D101220221284600F0F4F8010002D140
:108220002A680221D1600123737006E0706840F073
:1082300008007060012000E0022000213170BDE8DC
:10824000F68100002FFFFF00FEF8E0FF2DE9F84364
:108250000446894616461F46F9F752FC804604F14B
:1082600040052878012808BF022032D0012129705A
:10827000687801282AD1002242216A604346697049
:1082800020210097FFF7E9FE010020D100F028F837
:1082900021680A68306922F44002024342F48002F5
:1082A0000A60F168C9F828104FF0006200F05DF82C
:1082B0000097434601220821FFF7CFFE010006D1B7
:1082C000226808210123D1606B7000E002200021A8
:1082D0002970BDE8F2830121397078780128704750
:1082E000216830688862236872685A622168B068C1
:1082F000C8627047164604F14007F9F701BC2DE942
:10830000FC4104468846FFF7F5FF0346387801280C
:1083100008BF022027D0FFF7DEFF20D100228221F4
:10832000FFF796FE0546D8B921680A68706822F002
:10833000080202430A60716808290AD1206832687D
:10834000102102632368D9602068026842F4801219
:1083500002604FF04062414600F008F800E002255C
:10836000002038702846BDE8F681494620466EE078
:10837000F8B50446FFF7BFFF064678780025820768
:108380003AD500233B7000F039F80CD5036823F090
:1083900004030360E06B02F091FB050003D07868F2
:1083A00040F00400786021688868820622D50B4678
:1083B00018461968334641F002010160BA6800921C
:1083C00001220221FFF749FE050009D121680220A0
:1083D0003346C860BA6800920022FFF73DFE0546AA
:1083E000280009D12068416921F0406141610120E4
:1083F000787001E0012179702846F2BD206801689B
:108400004A0770472DE9F04105460E4690461F4643
:10841000069C2868826816EA020018BF01204045C1
:1084200012D014F1010FF4D0F9F76AFBC01B84429B
:1084300001D3002CEDD1042085F84100696C0120A6
:1084400041F00101696400E00020BDE8F081F0B571
:108450004B6A002B18BFB2F1406F03D08B6A0468DF
:108460005B1E23618B69002B30D00568086A90B1D0
:108470008B68EB6100F070F80F680643C8693443FD
:108480008E6928B1CB681C43044334433C432DE040
:1084900034433C4332E0CF6A086B4C6B4E6A07436F
:1084A000486927433E430F6846EA8046C86948B199
:1084B000CC682643064333433B431343B2F1406F3A
:1084C0006B6117E033433B431A4318E00B6AD3B1A7
:1084D00005688C68EC6100F03FF80643C8693443D6
:1084E0008E6950B1CB681C43044334431443B2F14A
:1084F000406F6C612FD048682CE0344322436A619E
:108500000021A961F0BDCB69ABB10668CF6A086BE9
:108510004C6B4D6A0743486927432F4347EA80471E
:10852000C86807433B431343B2F1406F736112D0F5
:108530004968B161F0BD4B6A6BB10568CE6A086BE2
:108540004C6B4969064300202643334343EA814389
:108550001A436A61A861F0BDCE6A086B4B6B4C6A26
:108560004F69064308691E4326430C6A46EA87465C
:108570007047704738B504460120002C49D094F864
:10858000211029B90022204684F82020FDF7AFFFF2
:10859000022384F821302068C168CA0635D4CA2372
:1085A0004362216853204862204600F023FA01000C
:1085B00017D12168DFF8CC048A6802408A602368FA
:1085C0009D6860682169A26905430D4315439D605C
:1085D000A068E168226841EA00412046116100F08C
:1085E0002AFA01000BD12168CA6C92089200CA6471
:1085F0002368DD6CE16962690D431543DD64216820
:10860000FF2305004B6204D100E00020012184F823
:10861000211032BDF8B505460E4695F820001446E7
:10862000012801D10220F2BD0122022385F8202079
:10863000CA2085F821302968532248622B682846D1
:108640005A6200F0D7F901003BD12868002C8068FD
:1086500015D141065CBF0022F270307800F01CFAA0
:108660000746707800F018FA0402B07844EA07442C
:1086700000F012FAF178204340EA81500DE0410603
:108680005CBF0022F27071783078F278090241EA1A
:108690000041B078084340EA82502B68DFF8E813C5
:1086A000084018602868826822F4802282602A6864
:1086B0009368F0683169034328460B43936000F0E8
:1086C000BAF92B68FF2201005A6204BF012485F821
:1086D0002140002185F82010F2BD30B50068836A82
:1086E0004B600469C4F30E048C600368DFF89803E0
:1086F0001840050C05F03F05040A0D708870800DC8
:108700004C70C8702AB9087800F06CF8087000F056
:1087100070F8002030BDF8B504460E4694F82000ED
:10872000012801D10220F2BD0121022084F820108D
:1087300084F821007578A2BBE80603D505F0EF05A3
:108740000A357570F07800F0A7F90546707800F0EA
:10875000A3F90702B07847EA054700F09DF940EA1F
:10876000070521683278CA2048622368204645EA16
:10877000423553225A6200F03DF9010007D12368C7
:10878000DFF80803054020465D6000F054F92268D8
:10879000FF210300516204BF012584F8215000220B
:1087A0000EE1F1782D02B07845EA01450543D8E79E
:1087B00030B500684368DFF8D4021840050A8870B5
:1087C000040C05F01F05400BCC7000F007004D7045
:1087D00008702AB9C87800F005F8C87000F009F8E8
:1087E000002030BD0A22030900F00F0012FB030035
:1087F00070474878040900F00F0012FB040048702D
:108800008878030900F00F0012FB03028A7070479A
:108810002DE9F84300F09FF808BF022041D000F096
:108820006DF88AB98068410658BFFA70387800F050
:1088300033F90546787800F02FF900F055F800F08C
:1088400058F800F047F806E081684A065CBF00234C
:10885000FB7000F05BF800F06CF824D100F0A4F895
:108860002068816821F480518160F9F749F9074651
:108870002068C168CA0707D4F9F742F9C01B404510
:10888000F6D300F07EF808E000F073F8816020680D
:1088900001210022C0F82490002084F8211084F8DF
:1088A0002020BDE8F28300F073F82068816821F48D
:1088B00000518160F9F724F907462068C1688A07EA
:1088C00005D4F9F71DF9C01B4045F6D3D9E700F0F0
:1088D00048F8DBE7F9787D6946EA815646EA0066A2
:1088E000F8690643354370470602B87846EA0546FC
:1088F000D2E0054697F820002E43CDE0012102206A
:1089000084F8201084F8210020687047797838783E
:10891000FA7897F820307D69090241EA0041B87879
:108920000143F86941EA825141EA036101430D4381
:10893000704721687A68BE69CA204FF0FF0940F28B
:10894000E93848622368164353225A62796A2068DC
:10895000B1F5807F704704460F4694F82000012847
:1089600070470562206886642068816841F4007160
:108970007047C561206846642068816841F4807151
:108980007047206803210022C0F82490032070471C
:10899000816821F4007181602068C26802F0800261
:1089A00062F42072C2607047826822F48072826032
:1089B0002068C16801F0800161F4C071C160704736
:1089C00084F82020F2BD38B5044631482168C860DB
:1089D000F9F796F805462268D068830608D4F9F7B7
:1089E0008FF8401B40F2E9318842F4D3032032BDB6
:1089F000002032BD70B5044600252068C1684A06D3
:108A000017D44FF0FF33C360F9F77AF806460AE04F
:108A1000F9F776F8801B40F2E931884203D303204E
:108A2000032584F821002168CA68500601D4032D6B
:108A3000EED1284670BD70B50446164E706800250C
:108A400020F08000706031688A0608D42046FFF765
:108A5000BAFFA0B10321032584F821100FE030688C
:108A600020F0200030602046FFF7ADFF18B1032052
:108A7000032584F82100316841F020013160284647
:108A800070BD0000BFFF8FFF7F7F7F003FFFFF00B3
:108A90005FFF030008400058002101E0491C0A382C
:108AA000C2B20A2AFAD240EA0110C0B27047704737
:108AB000006800F1500303EB81031A6070470068FF
:108AC00000F1500202EB810210687047F0B500F12E
:108AD0003C031A78012A01D10220F0BD01240222B0
:108AE0001C70DFF878C05A7005681D4F6E68AC685E
:108AF000654518BFBD4203D126F470024E68164387
:108B00000A6826F0700616436E600268624518BF58
:108B1000B2F1804F10D0104882421CBF114DAA42C2
:108B20000AD00C4EB24218BFBA4205D00848824261
:108B30001CBF0D4DAA4204D1886824F08004044370
:108B4000946001210022597000201A70F0BD0000CD
:108B500000180040000C00400004004000000140EC
:108B600000040140000800400040014010B500F141
:108B700084010A78012A01D1022010BD0123242298
:108B80000B704A600268136814686408640014601B
:108B900000224266006823F00053036020234B60EC
:108BA00000200A7010BD70B500F01FF801D102203E
:108BB00070BD00F020F823F0604309E070B500F0CC
:108BC00014F801D1022070BD00F015F823F06063A5
:108BD00019438160204600F01BF820682021002204
:108BE0000660002069602A7070BD044604F18405A7
:108BF000287801287047012324202B7068602068A2
:108C00000668026852085200026020688368704754
:108C100030B5416E11B90122012114E0026800BF94
:108C20000FF22C040CA391689268490E01F0070121
:108C3000520FA55C645C9A5C595C2D01240195FB84
:108C4000F2F294FBF1F168304280018030BD000007
:108C500001010103070100000804020408010101E9
:108C600080B500F032F800F05EF8DFF85C1388425F
:108C700001D1002002BD4FF0FF3002BD80B594B09D
:108C80004FF480710C9100224FF080710092052307
:108C90000F910D9210210E92DFF82803119212927B
:108CA00013920B920693012304924FF480020291D7
:108CB00006A905926A460393019341F28833FFF7B0
:108CC000C5FA00F026F915B000BD70B58EB00022CF
:108CD0004FF48071BB4C06916623079241F28835B0
:108CE000089269460B9220460C920D9209920592C9
:108CF0002A460093FFF7B4F960B96FF00206FFF758
:108D0000BDFF68B999202A46009069462046FFF7C2
:108D1000A7F910B14FF0FF3003E0FFF7AFFF00B14C
:108D200030460EB070BD4FF400524FF4807130B534
:108D30008FB09F2304924FF08072079100210A9216
:108D40000322099100F077F80D9120460E910891C9
:108D5000069101A90B922A460193FFF781F92A4651
:108D600069462046FFF70CFA9DF801009DF80010B7
:108D7000000240EA01409DF802100FB0084330BDE8
:108D800010B590B04FF480714FF4005208910592E5
:108D900000214FF040720A910D9106230E9100249C
:108DA0000F914FF440610B92EB22099107930292CD
:108DB00001940094FFF789FF6A4602A98148FFF7F2
:108DC0009EFA08B16FF0050010B010BD70B5062511
:108DD00094B04FF480710022069500F02CF80D92AB
:108DE00006A90E9220461192129213920F920B92A4
:108DF0002A46FFF735F910B16FF0010019E00221A2
:108E000000231022049300914FF48003019101216B
:108E10000292052203914FF0807605932B4606922D
:108E20006A46109106A90F962046FFF70FFA00F048
:108E300070F814B070BD634C0C9141F288357047E6
:108E400080B58EB000F020F82021FFE70B930D9342
:108E500007920993059301900091FFF7B7FF10B1B6
:108E60006FF001000EE041F2883269465548FFF785
:108E7000F7F810B16FF0030004E0FFF7FFFE08B150
:108E80006FF002000FB000BD4FF4807206924FF4F5
:108E9000005300220393089200230C924FF4806247
:108EA000704770B58EB04FF48073069300234FF473
:108EB0000055019103954FF04075089300260B93E0
:108EC00032210C9304460D934FF480630793099568
:108ED00005960A920091FFF779FF10B16FF001003B
:108EE00015E0384D41F28836324669462846FFF78C
:108EF000B7F828B9324621462846FFF7E9F810B1FD
:108F00006FF0040003E0FFF7B9FE00F002F80EB0C6
:108F100070BD08B16FF002007047F8B504460D4609
:108F200005F0FF00C0F580701746824288BF0746F3
:108F30005619BAB229462046FFF7B3FF48B97D1942
:108F400005F580703C44864234BF771B4FF4807730
:108F500002E06FF00400F2BDB542EAD30020F2BD9A
:108F600070B58EB04FF480734FF40055062606930B
:108F7000002303954FF040750596EB2608930446B1
:108F80000B930C930D934FF4406309950D4D009690
:108F900041F288360A923246019169460793284683
:108FA000FFF75EF828B9324621462846FFF7E8F871
:108FB00010B16FF0040003E0FFF760FEFFF7A9FFB8
:108FC0000EB070BD000300201740EF000C49086090
:108FD000704770B50B4B0A4D1C6829680022484346
:108FE00059685D688D42FCD002D28A18521B02E09B
:108FF000A218561B8A1982422946F2D370BD00007E
:10900000B806002014E000E04FF47A714843E0E72E
:1090100038B500F013F8002203E038B500F00EF880
:10902000012200F027F8204601F0FDFC284601222D
:109030004FF40061BDE83840FEF725B80446DFF87C
:10904000045400224FF400612846FEF71CB810B506
:109050000C46FFF7DDFFE0B2BDE81040DDE738B5B4
:10906000FFF7ECFF012200F005F8200A01F0DBFC1D
:10907000E0B2D9E74FF400412846FEF704B880B5C6
:1090800000F07AF9DFF8C4030088BDE80240E6E7A3
:109090002DE9F041DFF8B05304466F882E887B1E1F
:1090A0009BB2002100200027721E92B200F036F918
:1090B000DFF8906300224FF400613046FDF7E3FFD4
:1090C00001224FF400413046FDF7DDFF0BE0200A9E
:1090D00008F1010801F0A7FCE0B201F0A4FC288827
:1090E0008045F4D37F1C69888F4238BF4FF0000859
:1090F000F5D3304601224FF40061BDE8F041FDF7A1
:10910000C2BF10B5CF4C002200F00BF86420FFF76F
:109110007BFF012200F005F83220BDE81040FFF788
:1091200073BF4FF480612046FDF7ADBF80B5FFF7F8
:10913000E8FF00F0F1F8C320FFF76FFF00F0ECF854
:109140009620FFF76AFF3620FFF762FF6820FFF7DF
:1091500064FF3A20FFF75CFF0520FFF75EFFB020B9
:10916000FFF756FF8020FFF758FFB620FFF750FFAC
:1091700000F0D0F80220FFF750FFB520FFF748FFBE
:109180000220FFF74AFF0320FFF747FF00F0C2F875
:109190000420FFF742FFB120FFF73AFF8020FFF7DE
:1091A0003CFF1020FFF739FFB420FFF731FF00F03C
:1091B000B1F8B720FFF72CFFC620FFF72EFFC52020
:1091C000FFF726FF2420FFF728FFE420FFF720FF0A
:1091D0003120FFF722FFE820FFF71AFF4020FFF7BA
:1091E0001CFF8A20FFF719FF00F094F800F092F8B6
:1091F0002920FFF712FF1920FFF70FFFA520FFF727
:109200000CFF3320FFF709FFC220FFF701FFA72063
:10921000FFF7FEFEE020FFF7FBFEF020FFF7FDFE6C
:109220000920FFF7FAFE1320FFF7F7FE1220FFF7E1
:10923000F4FE1220FFF7F1FE2B20FFF7EEFE3C209C
:10924000FFF7EBFE4420FFF7E8FE4B20FFF7E5FEBB
:109250001B20FFF7E2FE1820FFF7DFFE1720FFF7C5
:10926000DCFE1D20FFF7D9FE2120FFF7D6FEE1200E
:10927000FFF7CEFEF020FFF7D0FE0920FFF7CDFE6E
:109280001320FFF7CAFE0C20FFF7C7FE0D20FFF7E3
:10929000C4FE2720FFF7C1FE3B20FFF7BEFE44209F
:1092A000FFF7BBFE4D20FFF7B8FE0B20FFF7B5FE22
:1092B0001720FFF7B2FE1720FFF7AFFE1D20FFF7C4
:1092C000ACFE2120FFF7A9FE3620FFF7A1FEEC201F
:1092D000FFF7A3FE00F020F8C320FFF79EFE00F08A
:1092E0001BF86920FFF799FE1320FFF791FE11206C
:1092F000FFF78EFE2920FFF78BFE012000F07CF89F
:10930000012201215248FDF7BEFE4FF6FF70BDE875
:109310000240BDE6002080E6F02079E62DE9F0412C
:109320000446494F78890D4616469846C0B2FFF765
:109330006FFE200AFFF771FEE0B2FFF76EFE300A03
:10934000FFF76BFEF0B2FFF768FEB889C0B2FFF717
:109350005FFE280AFFF761FEE8B2FFF75EFE4FEA04
:109360001820FFF75AFE5FFA88F0FFF756FE38899B
:10937000BDE8F041C0B24BE602460B46CEE72DE910
:10938000FE4F0026121A5B1AB3464FF0FF39002A2F
:10939000C8BF4FF0010803DC0EBFB046C8465242BA
:1093A000002BC8BF4FF0010902DC0CBFB1465B4285
:1093B00015469A42B8BF1D46002701920093044605
:1093C0008A4612E01FFA8AF1A0B2FFF758FE019810
:1093D000009A8619B5429344BCBF761B44445D4550
:1093E000BCBFABEB050BCA447F1C681CB9B28842FA
:1093F000E8DABDE8F78F000010B513492A222B23C5
:109400004A818B812C2403280C814FF4A0724FF4E5
:10941000F07316D8DFE800F002060A0E0A804B80CF
:1094200048210AE00B804A80282106E00A804B8010
:10943000882102E00B804A80E8213620BDE81040F8
:1094400005E610BD00100258A0060020C00600204E
:1094500000040258F8B505460824DFF80068DFF874
:1094600020782B064CBF0122002240213846FDF710
:109470000AFE00F04FF80120FFF7ABFD00F003F803
:10948000641EEED1F1BD012202213046FDF7FBBD85
:10949000F8B50446DFF8C467002202213046DFF841
:1094A000E077FDF7F0FD0022402138460025FDF76A
:1094B000EAFD002220213846FDF7E5FD2046102474
:1094C000FFF7C8FF0620FFF784FD0022FFF7DCFF4F
:1094D0000120FFF77EFDFFF7D6FF0120FFF779FDA2
:1094E0000022FFF7D1FF00F015F80120FFF771FD12
:1094F000FFF7C9FF10213846FDF7BFFD00B16D1C15
:10950000641EF0D10122202138462D04FDF7BBFD59
:10951000280DF2BD0022022130466D00FDF7B3BDDB
:109520003EB5044600252046FFF7B2FF2DF8150092
:109530006D1C042DF7DD0020411C0A463DF810305B
:109540003DF812409C423CBF2DF810402DF81230DF
:10955000521C042AF2DD08460328EDDD002101201B
:109560003DF81020401C89180328F9DD89B203203A
:1095700091FBF0F080B23EBDF8B50446DFF8F86626
:1095800030780D46FFF7CCFF07467078FFF7C8FF2D
:10959000278028800120F2BD7CB504460D460DF1E0
:1095A00002010DF10600FFF7E7FF78B3694601A855
:1095B000FFF7E2FF50B3BDF80400BDF8061081428A
:1095C00003D300F13206B14205DB88421ED301F11C
:1095D0003206B0421ADABDF80020BDF802309342DC
:1095E00003D302F13206B34204DB9A420ED3323384
:1095F0009A420BDA401840082080BDF80200BDF8FE
:109600000010081840082880012076BD002076BD93
:109610002DE9F843DFF86C66804632800D4608F18C
:109620000D02A8F10C002B4692B280B208F101079E
:10963000FFF7A5FE05F10D03A5F10C019BB2424613
:1096400089B24046FFF79BFE6C1CA1B2B8B2A8F1EC
:109650000109FFF714FD00F011F86C1EA1B2B8B2B9
:10966000FFF70DFD00F00AF8328800200090062375
:109670002946404601F0C0FABDE8F183A1B21FFAC5
:1096800089F0FFF7FCBC38B504464021DFF8D0056F
:10969000DFF8D055FDF7F1FC00282DD1002C05F1A5
:1096A000120105F1100002D0FFF776FF1AE0FFF774
:1096B00073FFB8B1288AB5F9201000EE100A688A45
:1096C000B8EE400AD5ED060A00F027F82982B5F970
:1096D000221000EE100AB8EE400AD5ED070A00F09D
:1096E0001CF86982287D010613D4288AC022698A61
:1096F0002A75A881E9810CE0287D010603D500F0D8
:109700007F00287505E00020E8604FF6FF70288292
:109710006882287D00F0800032BD01EE101AB8EE9C
:10972000C11A00EE201ABDEEC11A11EE101A7047D0
:109730001FB5DFF83015DFF830058A69CB69009274
:109740000A8C01934B8CADF8082091F82410A522C7
:10975000ADF80A308DF80C10DFF810458DF80D20AB
:10976000FEF706FE2046FFF76BFB102221466846F7
:10977000FFF7D3FBFFF704FB1FBD1FB5DFF8E804BD
:10978000FEF7F6FD1022DFF8E4146846FFF7E8FB69
:109790009DF80D00A5281BD1DFF8C8040099816150
:1097A000BDF80810019ABDF80A3001849DF80C102C
:1097B000C26143840A0019BF9022D023D022902393
:1097C000DFF8B4442270637080F82410012000E0B8
:1097D000002004B010BD00002DE9F84F1F214FF606
:1097E000FF73DFF8A024DFF888642DED028B118071
:1097F00088B033801846FFF74BFC4FF47841DFF810
:10980000842411804FF6FF70FFF742FCDFF87414D8
:109810004FF47842142000240C801421FFF7F8FE46
:10982000DFF84004DFF84C34A14604758461B6EEDD
:10983000008A00934FF6FF7A28E1009852461421DF
:10984000038800F082F900984FF478424188142090
:10985000143989B24BE100985246418814201439DA
:1098600089B2FFF7D5FE00994FF478424E88A6F1F1
:10987000140189B236E103AFBDF80CB0B7F804802B
:10988000BBEB080048BF40427A88F988511A48BFAC
:10989000494200F063F93989B889BDEEC00B10EE7A
:1098A000104AA4B2081A48BF40427D89F989691A52
:1098B00048BF494200F052F9BDEEC00B10EE100A4D
:1098C000214680B200EE101A0146B8EE400A00EEC2
:1098D000901AF8EE600A80EE200AB7EEC00A9FEDFB
:1098E000B62BB4EE420BF1EE10FA50D400F026F98C
:1098F0004DDA002C18BF002849D0BDF81400ADF88F
:109900000600BBEB000048BF4042BDF80E70791B5B
:1099100048BF494200F022F9BDF81800BDEEC00B67
:10992000ADF80800B8EB000048BF4042BDF81A404F
:10993000BDF81210ADF80410091B48BF494200F0F1
:1099400016F900F025F922D400F0F8F81FDABDF876
:109950000600B8EB000048BF4042BDF80410491BA8
:1099600048BF494200F0FAF8BDF80800BDEEC00B50
:10997000BBEB000048BF4042391B48BF494200F0E2
:10998000F6F800F005F902D400F0D8F80DDB0099E4
:1099900000984E88524600240388A6F1140189B22B
:1099A00000F0D3F800F0D5F870E00098A8EB0B02B7
:1099B00000EE902AC344F8EEE00A009C008801EE15
:1099C00010BAB8EEC11AA0F1280100EE101AB8EED4
:1099D000C00A0246C0EE200A00EE102AB8EE400A85
:1099E00001EE600A20EE080ABDEEC00A10EE102A51
:1099F00032846188EA1B7D1901EE102AB8EEC11A83
:109A0000A1F128030A4600EE103AB8EEC00A80EE33
:109A1000010A01EE102A01EE905AB8EE411AF8EE52
:109A2000E11A01EEC01A21EE081ABDEEC11A11EEBC
:109A3000102A7284BDEEE02A12EE102A002A48BFD6
:109A40005242022AC6ED060A86ED070A08DCBDEE80
:109A5000C00A10EE102A002A48BF5242022A5DDDD9
:109A600014391438524689B280B20024FFF7D0FD71
:109A700000F06FF896F8240000284BD101209021C7
:109A8000D0227D4B19705A7086F82400754E012043
:109A900071688847307D00F0C002402A29D100F06B
:109AA000BF00318A3075E0B203AA641C22F820108E
:109AB000738A0DF10E014FF0000921F82030E0B259
:109AC000401E032815D8DFE800F005040302D2E6A3
:109AD000C1E6B2E6524614211420FFF799FD4FF477
:109AE0007842142100980388A3F1140080B2FFF794
:109AF0008FFD0A2009F10109FFF786FA1FFA89F0A4
:109B0000B0F57A7FC2DDFFF738FE08B0BDEC028BFE
:109B1000BDE8F18F0020D0219022B2E71F205949E3
:109B200008805046FFF7B4FA4FF47A70FFF76CFAEA
:109B3000FFF7FEFD5046FFF7ABFAE6E79FED524B0D
:109B4000B4EE440BF1EE10FA7047A3F1140080B2AA
:109B50005EE54FF478421421142059E5494300FB97
:109B6000001000EE100AB8EE400B01F099B949431D
:109B700010EE102A92B200EE102A00FB0010F8EE50
:109B8000408A00EE100AB8EE400B01F089B90000DF
:109B9000BDEEC00B10EE100A80B200EE100AB8EE57
:109BA000400A88EE800AB7EEC00A9FED032BB4EEA0
:109BB000420BF1EE10FA7047666666666666EE3F27
:109BC00010B586B02D4802682D4C42F0100202609C
:109BD000016801F010010591059A03680221012234
:109BE00043F001030360006800F001000590059B4D
:109BF00001921A4802920322009169460392FDF7EE
:109C000057F96022694600922046FDF751F940213C
:109C100000220091694601921148FDF749F910218F
:109C2000204600916946FDF743F90E4800F1120104
:109C30001030FFF7A1FCFFF7A0FD08B100200AE0FB
:109C40004FF6FF70FFF724FAFFF7C6FDFFF770FD30
:109C5000FFF793FD012006B010BD0000000402587C
:109C600000000258B80000200003002000F07F0030
:109C700018010020A006002021010020E044025825
:109C800000100258C0060020CECCCCCCCCCCF03F8B
:109C9000010006D0082804DADFF8181651F8200071
:109CA0007047D1A070472DE9F8470D46DFF80866E8
:109CB000717D8DB00446002940F08880142108A8E9
:109CC00000F09EFE03AA00201060DFF8F07500226D
:109CD00008A938460FF2446AFEF7FFFC002203A9E8
:109CE00038464FF6FF78FEF763FD307D0FF21C69B2
:109CF000012821D19DF822109DF821309DF82020C7
:109D000004A80091494600F06BFB00F06CF89DF848
:109D10000C00FFF7BDFF02469DF80E009DF80D10E8
:109D20009DF80F30019004A80091514600F058FBB7
:109D300000F04FF8002030759DF82220B078824264
:109D400044D0DFF87C159DF820000F8831789DF80D
:109D50002130403F07EBD7777F10884204BF7078EF
:109D6000834212D10FF2CC5104A800F039FB00203D
:109D7000202104AA0191029030370092434600222C
:109D80002146B8B201F009F81BE000929DF82020AE
:109D9000494604A800F024FB00F025F89DF80C00CB
:109DA000FFF776FF9DF80D209DF80E109DF80F30FF
:109DB000009202460191514604A800F011FB00F008
:109DC00008F8304608A91422FBF75CF80EB0BDE88D
:109DD000F08700201021019004AB00914246002141
:109DE000284601F039B800202021019004AB0091F1
:109DF00042460021204601F02FB8F8B5069C151AFE
:109E00005E1A6D1C761CADB227043F0E47EA04278C
:109E1000B6B24FF0000CDFF8AC4403E024F81E703B
:109E20000CF1010C1FFA8CFEAE45F7DBFFF776FA5A
:109E3000002706E02946204600F0FEFD00F022FE45
:109E40007F1CB8B2B042F5DBDFF8740401B000F05B
:109E500018F9BDE8F0400FE1DFF8641438B54C881C
:109E60000D8800900021631E9BB200206A1E92B2F2
:109E7000FFF7C3FF31BDFEB50D46044616460095FB
:109E8000E388A28861882088FFF7B7FF0022DFF807
:109E900038341A80E388A2886188208800F055FE53
:109EA000A7683846FAF7B8FF23886188E288A48853
:109EB000E4182B4664086FF0030505FB00445118B5
:109EC0000022029210224908019208390097324676
:109ED00089B2A0B200F061FFF7BD38B54FF6FF7050
:109EE0000024FFF7B9FFDFF8D0530C2000226043B5
:109EF00047F67C5128442430FFF7BDFF641C062C34
:109F0000F3DB002001216875282029755A21BDE85E
:109F10003440C8E61CB504464FF6FF70FFF79CFFBF
:109F20004FF4A0204FF4A07344434FF4F072009418
:109F300000210020DFF8804300F076F8002247F689
:109F40007C5104F11800FFF796FF0220607513BDE5
:109F50000246DFF8780330B50378DFF874438BB03E
:109F60000FF2D83103A804EBC3055B1C00F038FAEC
:109F7000102103A805F112044FF6FF75002201918C
:109F800000902B46029200F0B3F9FDF7A6F8237873
:109F9000024600F0A9F900F029F8642100F0A9F9BF
:109FA000E0780FF2BC310090A378627803A800F04B
:109FB00017FA00F01BF8822100F09BF9A379A28820
:109FC0000FF2BC3100F091F900F010F8A02100F080
:109FD00090F9202103A8FDF784F800F007F8DC21B0
:109FE00000F087F90BB030BD3F00000000201021C9
:109FF00003AA029001912B46009200227047BE21D5
:10A00000142000F0CABE10B50488A14221BF838885
:10A010008B424488A24205D3C18891428041C0430B
:10A02000C00F10BD002010BD2DE9FC42144699461A
:10A0300009EB01022718531E7A1E089E9BB292B2AA
:10A040000025FFF76BF9A34F0DE0604362006D1C24
:10A0500006EB40013846FEF783FF2146384600F004
:10A06000EBFC00F00FFDA8B24845EED3944802B0D7
:10A0700000F007F8BDE8F042421E92B20020FFF760
:10A080004DB9418800884B1E9BB200217047F8B53E
:10A09000914D00206968884780B3287D41062DD501
:10A0A000854E00F0BF0028752C8A717D6D8A19B12C
:10A0B000022914D013D3F1BD00270C202A4678437F
:10A0C000214630442430FFF79EFF18B97F1C062F2D
:10A0D000F3DBF1BD7F1CF8B2BDE8F24050E02A4648
:10A0E000214606F11800FFF78EFF38B1FCF7ECFFB0
:10A0F000FFF7F3FEBDE8F140FDF762BAF1BD0000E5
:10A1000078B58FB004460D46142104A86B4E00F0BC
:10A1100077FC03AA00201060002204A93046FEF755
:10A12000DCFA002203A93046FEF742FB6B489DF89B
:10A13000126081788E4220D004A91422FAF7A2FE80
:10A140009DF80E009DF80D109DF811309DF810201F
:10A15000029009A8CDF804108EA1009600F040F9F5
:10A1600000200C2109AA029001914FF6FF73009282
:10A1700000222946204600F010FE10B070BD0000FD
:10A1800010B50446FCF79EFF2046FDF709F8601E57
:10A19000FFF7C0FE2046FFF7DBFEFDF711FA0220B5
:10A1A00045494875BDE8104049482DE9F841474CFC
:10A1B0008BB021784A4E4FF6FF7800EBC10202F1D6
:10A1C0001207FCF78AFF054623783078834204BFE4
:10A1D00071788D422DD043485B1C027857A100F066
:10A1E00084F800F089F800F083F83B782A4600F004
:10A1F0007BF800F081F8642100F07BF897F8030009
:10A2000057A10090BB787A7803A800F0E9F800F035
:10A2100073F8822100F06DF8BB79BA8858A100F07C
:10A2200064F800F069F8A02100F063F8207830703D
:10A230007570FCF74EFF44B296F90200844217D0C5
:10A240004CB100215FF0100259A0029101924FF42D
:10A250007843009008E000205FF0100157A20290C0
:10A26000019148F2304300924246FFF7C8FEB470B5
:10A27000202103A8FCF735FF311D03A800F020FEC4
:10A28000A0B100205FF010014FA20290019143465F
:10A2900000920022DC21FFF7B3FE00F02DF8DC2154
:10A2A00000F027F803A9301D00F014FE0CB0BDE843
:10A2B000F0810000E4B10008000000204C03002001
:10A2C000A0060020C0030024C00600201C010020BE
:10A2D0000006002000000024B80000206C000020D0
:10A2E000800000201B0100201AA103A800F078B80C
:10A2F0004621142000F051BD0020102103AA029035
:10A3000001914346009200227047000025303264DC
:10A310003A253032643A253032640000257320201B
:10A320003230253032642D253032642D25303264B0
:10A33000000000002530326400000000436F6E66AC
:10A340006967202564202D2053746167652025648A
:10A350002F360000446179733A2025642F2564006C
:10A3600053746172743A20253032643A2530326475
:10A3700020204475723A2025646D696E000000004B
:10A38000467265713A2025642020506F7765723AD5
:10A3900020256400253032643A253032643A253075
:10A3A000326420253032642F2530326400000000F2
:10A3B00050574D3A204F4E200000000050574D3A64
:10A3C000204F464600000000202020202020202092
:10A3D00020202020202020202020202000000000FD
:10A3E0000CB430B583B00A4606A902910446002594
:10A3F0000194009502AB01A9084878441E30F9F792
:10A4000076FD019A157000284EBF04460198041B82
:10A41000204603B030BC5DF80CFB00BF9BA9FFFFDA
:10A4200038B50446F7F76CFB14F1010F054602D06E
:10A43000044801786418F7F763FB401BA042FAD385
:10A4400031BD00BFA400002038B5DFF84840A16846
:10A450004A0708D4A36803F00703834201D0012010
:10A4600032BD002032BDA168C90840EAC100A06029
:10A47000F7F746FB054620688204F2D4F7F740FB65
:10A4800000F002F8F7D3EAE7401B40F2E9318842D6
:10A4900070470000044802580248016841F4807186
:10A4A00001607047004802582DE9F04104002CD0AB
:10A4B0002078DFF8F854C10711D52869A96A00F09F
:10A4C0003800102805D0182804BF01F00301022924
:10A4D00030D129688A0302D56068002815D0217818
:10A4E00041F2040688076BD52869A96A202700F085
:10A4F000380028B1182808BF11F0030F40F0A980D8
:10A50000E06829684A0702D5002800F02D822968F2
:10A5100021F0190108432860F7F7F2FA804628680D
:10A52000410742D4F7F7ECFAA0EB08000328F6D372
:10A53000032038E26068B0F5803F0FD038B9296851
:10A5400021F480312960286820F4802009E0B0F5EA
:10A55000A02F08D1296841F480212960286840F49F
:10A560008030286007E02A6822F480322A60296857
:10A5700021F480212960606858B1F7F7C1FA0646D6
:10A5800029688803ABD4F7F7BBFA801B6528F7D39B
:10A59000CEE7F7F7B5FA0646286881039FD5F7F7A7
:10A5A000AFFA801B6528F7D3C2E7FDF7CCF8B042BD
:10A5B00048D2206940283ED1686867F3113068604E
:10A5C0002178C8061ED528691027A96A00F038002E
:10A5D000082805D0182804BF01F00301012973D110
:10A5E0002868C10503D5E269802A40F0BD81FDF7E6
:10A5F000AAF8B04260D2206A202856D1686867F372
:10A600009E60686021780A0740F19980606900289F
:10A6100000F08580696F41F001016967F7F770FA12
:10A620000646686F810700F18A80F7F769FA801B98
:10A630000328F6D37CE7696821F47C3141EA0031D4
:10A640006960BDE76868216920F0FE4040EA01606A
:10A65000B5E7E068C8B1296821F01901084328600E
:10A66000F7F74EFA80462868410706D4F7F748FA0C
:10A67000A0EB08000328F6D35AE7FDF764F8B042D0
:10A68000E0D220694028D6D196E72A6852085200C5
:10A690002A60F7F735FA07462868410790D5F7F79B
:10A6A0002FFAC01B0328F7D342E7696821F0F8416D
:10A6B00041EA80616960A5E7E868216A20F07C5082
:10A6C00040EA0160E8609DE7E069C0B1296841F0B7
:10A6D00080012960F7F714FA80462868C10506D47E
:10A6E000F7F70EFAA0EB08000328F6D320E7FDF7F2
:10A6F0002AF8B042E0D2206A2028D6D17EE72A6824
:10A7000022F080022A60F7F7FBF906462868C105A7
:10A71000D9D5F7F7F5F9801B0328F7D308E7686F59
:10A72000400840006867F7F7EBF90646686F810755
:10A7300005D5F7F7E5F9801B0328F7D3F8E621786C
:10A740008A0621D5A069296800280ED041F48051DD
:10A750002960F7F7D5F906462868810414D4F7F77D
:10A76000CFF9801B0328F7D3E2E621F4805129605A
:10A77000F7F7C6F906462868810405D5F7F7C0F94A
:10A78000801B0328F7D3D3E62078420748D5884FAB
:10A79000396841F480713960F7F7B2F906463868D4
:10A7A000C10505D4F7F7ACF9801B6528F7D3BFE6E0
:10A7B000A068012804D1286F40F00100286713E049
:10A7C00008B9286F09E00528286F06D140F0040079
:10A7D0002867296F41F0010105E040084000286723
:10A7E000296F21F004012967A06841F2893658B128
:10A7F000F7F786F90746286F810711D4F7F780F934
:10A80000C01BB042F7D393E6F7F77AF90746286FF3
:10A81000810705D5F7F774F9C01BB042F7D387E677
:10A82000606A002800F0BE802969624E01F038019C
:10A83000182973D02968022821F08071296061D11C
:10A84000F7F75EF907462868810105D5F7F758F94B
:10A85000C01B0328F7D36BE6AB6AA16A5648E26ACD
:10A8600003400B4343EA0213AB62616B206BA26BA4
:10A87000491E4902401EC0F30800521E01F47E41E9
:10A8800012040843E16B02F4FE021043491E09065C
:10A8900001F0FE4108432863E86A40084000E8628E
:10A8A000696BA06C0E4046EAC0066E63E96A206CD4
:10A8B00021F00C010143E962E96A606C21F00201B8
:10A8C0000143E962E96A41F48031E962E86A40F4EF
:10A8D0000030E862E96A41F48021E962E86A40F008
:10A8E0000100E862296841F080712960F7F708F9F2
:10A8F00004462868810155D4F7F702F9001B0328A4
:10A90000F7D315E6F7F7FCF804462868810149D526
:10A91000F7F7F6F8001B0328F7D309E60128A96A20
:10A920002A6B21D0A36A01F00300984202BFC1F351
:10A930000510E16A884217D1236BC2F30800401C5E
:10A94000984201BFC2F34620401C616B88420BD184
:10A95000A16BC2F30640401C884201BFC2F30660EF
:10A96000401CE16B884201D001201CE0686BA16CA7
:10A97000C0F3CC00814215D0E86A40084000E8628C
:10A98000F7F7BEF80546F7F7BBF8401BFBD00748C2
:10A99000416BA26C0E4046EAC2064663C16A41F0B2
:10A9A0000101C1620020BDE8F08100BF00440258EF
:10A9B000004802580700FFFF0CFCFFFF08B410B569
:10A9C00085B007AB00240493039400290EBF0194C3
:10A9D0000190491E0291009404AB01A907487844F4
:10A9E0001A30F9F784FA019901B10C70002858BFA8
:10A9F000039805B010BC5DF808FB00BF5393FFFF40
:10AA0000002200F073BA70477047704710B50368B2
:10AA1000254CA34206D100F042F8FCF734FB00239A
:10AA2000224A137010BD01B54FF0FF330122694671
:10AA30001F48FCF741FF01BDF8B504460D461C4E0A
:10AA40003046FDF7FDF90128FAD11A4F00224FF4E4
:10AA500000613846FCF717FB01224FF400413846ED
:10AA6000FCF711FB6A0092B221463046FDF738F838
:10AA700038B1384601224FF40061BDE8F840FCF7D8
:10AA800002BBF1BD10B50A4C2046FDF7D9F90128EB
:10AA9000FAD100F004F8BDE81040FCF7F4BA012246
:10AAA0004FF400610348704700340140C2060020A3
:10AAB000AC010020001002587047704738B50446BA
:10AAC000F7F71EF805460CB9012032BD04F13C0031
:10AAD0004178022904D080220023C2620370F3E788
:10AAE0002068C16821F03E01C16000F01EF82068B6
:10AAF000C168CA070FD5F7F703F8401B0628F6D33D
:10AB000004F13C000022C16A032341F04001C1620C
:10AB100002704370D8E71F210022416004F13C001D
:10AB2000027001234370002032BD2068C2685208C1
:10AB30005200C2607047704710B51446FEF71CFC07
:10AB40002046BDE81040FEF78ABAF8B50D461F460C
:10AB5000044616462B46FEF712FC3B462246294683
:10AB60002046FEF70CFC3B46324639462046FEF7AF
:10AB700006FC3B4632462946304601B0BDE8F0406F
:10AB8000FEF7FDBB2DE9F84F0A9C924605460AEBFD
:10AB900005068946984608EB090700F029F8A5EB59
:10ABA0000A0BA2B2B9B21FFA8BF0FFF7C5FFA9EBEF
:10ABB000080700F01DF8A2B2B9B21FFA8BF008EB3B
:10ABC0000506FFF7B9FF0AEB090700F011F8A5EB3E
:10ABD0000805A2B2B9B2A8B2FFF7AEFFA9EB0A0707
:10ABE00000F006F8A2B2B9B2A8B2BDE8F84FA3E7E8
:10ABF000A2B2B9B2B0B29FE72DE9FC471F460A9C4A
:10AC00005B00C3F1030300261D464CB90446884689
:10AC1000914635E0F31B7F1E05EB83050A3519E0ED
:10AC2000B7422FDBB246044688469146CDF80090E5
:10AC300053463246414620460AF1010AFFF7A2FF79
:10AC40005745F3DA002D204641464A46E2D505EB4A
:10AC50008605AD1D761CE3E7F01B7F1E05EB800526
:10AC60000A350CE0CDF800903B463246414620467E
:10AC7000FFF788FF002DEFD505EB8605AD1D761C8F
:10AC8000B742EFDABDE8F3872DE9F84F84B0044608
:10AC90000E98109E0D4691469A46DFF8FCB1A0F141
:10ACA00020079DF83C00BBF80080FFB2F6B24008D8
:10ACB0008DF800009DF83C009DF800E02818431E28
:10ACC0009BB22046A644AEF1010292B2FEF726FBEB
:10ACD0000C22724800EB071312FB07F70393C2190B
:10ACE0009DF83C0002920190FEB9002400E0641C33
:10ACF0000198844241DA9DF83C100C2902D1029857
:10AD0000055D03E00399214491F8745400269DF8F1
:10AD10000010F0B28842EAD2E80754BF50464846D5
:10AD2000FEF79DF96D08761CF1E7002614E05FEA56
:10AD3000CA70ABF8009006D5711954FA87F089B241
:10AD400080B2FEF79CF94FEA5A0A7F1C9DF800106A
:10AD5000F8B28842EBD3761C019886420DDA9DF852
:10AD60003C100C2903D1029810F806A003E00399C7
:10AD7000891991F874A40027E8E7ABF800804548EA
:10AD80004188008805B04B1E9BB20021421E92B242
:10AD90000020BDE8F04FFEF7C1BA2DE9F04F0D4697
:10ADA00085B00F9904460E9FDDF84080DFF8E4B0CF
:10ADB000ADF80E204FEA016E4FEA5E6E5FFA81F940
:10ADC000CEB28DF80CE09A468DF83C10ADF810002C
:10ADD00006E0812818DB891B914212DBBF1C4C4422
:10ADE000387870B1BBF800109DF80C30A2B2CB1AC5
:10ADF0009342A1BFBBF802309B1B1FFA85FC634541
:10AE0000E7DA05B0BDE8F08F0D2804D14D44BDF858
:10AE100010407F1C1EE0112E5FFA88F102910BDBBF
:10AE2000BDF80E201023019353460090A9B2A0B2A2
:10AE30000834FFF729FF0DE09DF83C10BDF80E2007
:10AE4000009053460191A9B2A0B2FFF71DFF9DF8F3
:10AE50000C0024187F1CC3E7FEB504461F460D46B0
:10AE600016463846F9F7D8FF0A4980B20988009794
:10AE700033462A46A1EBC00C9DF824009DF8201013
:10AE800002900CEBDC7001912146C403200CFFF70B
:10AE900084FFF7BDA0060020C00600200C5100086A
:10AEA000B5EEC00BF1EE10FA02D4B1EEC00B704754
:10AEB0006FF0004C20EE10CBAFF30080704770476E
:10AEC00010F8012B11F8013B0AB19A42F8D0D01AC0
:10AED000704770475FEA000C11F8012B00F8012B56
:10AEE00012B111F8012BF9E76046704700B500BFB9
:10AEF000130096469446103928BFA0E80C50FAD8A3
:10AF00005FEA417C28BF0CC048BF40F8042BC9074A
:10AF100028BF20F8022B48BF00F8012B00BD704766
:10AF200070B52B482B4A016841F47001016010682C
:10AF3000072100F00F00072803D2106861F3030017
:10AF40001060254B00261D68244845F001051D6052
:10AF50001E611C6804401C60156805F00F05072D74
:10AF600003D9106861F30300106000210022996189
:10AF70000020DA611A4918621A4A99621A48DA629C
:10AF800000211863002259639863DA631864002073
:10AF90005864196821F4802119601A66134B1C68E3
:10AFA000240C2404B4F1005F02D20120104908608F
:10AFB00043F2D2020F4B1A6070BD00000E48816848
:10AFC00041F00201816002689104FCD570470000E5
:10AFD00088ED00E000200052004402587FEDF6EAC0
:10AFE000000202020000FF01800201010010005C6B
:10AFF000088100510040005204480258000000003F
:10B0000000000000010203040607080982B08169FC
:10B010000191284B1A6800920199009B00BFFDE73F
:10B020001EB50268244C0092436800938268009227
:10B03000C368009302690092436902938269019296
:10B04000C36900931B4B18685968DA681B69206054
:10B050006160A260E36001982061029961610098DB
:10B06000A061704600BFFDE7FEE700001EF0040F80
:10B070000CBFEFF30880EFF30980C7E7FEE700009D
:10B080001EF0040F0CBFEFF30880EFF30980C7E751
:10B09000FEE7FEE7FEE770477047704700F014B820
:10B0A0000648F5F79BBF0648F6F718BE0548FCF7BB
:10B0B000D0BD000028ED00E08406002088050020B7
:10B0C00034020020AC0100200248416802788A184E
:10B0D00042607047A400002030B4002512E050F810
:10B0E000042BD30744BF4A44521E091F042942F8C7
:10B0F000045BFAD213468C0744BF15809B1CC9071A
:10B1000048BF1D7050F8041B0029E8D130BC7047BF
:10B1100010B5074979441831064C7C44163404E0D4
:10B120000A68081D114488470146A142F8D110BDA4
:10B130008C000000B000000052756E6E696E6720D2
:10B14000253032642F25303264202D20656E6473E3
:10B1500020253032643A2530326400004EF68851A2
:10B16000CEF20001086840F470000860BFF34F8F12
:10B17000BFF36F8F4FF00170E1EE100A7047704718
:10B1800000F00FF8002801D0FFF7C2FFAFF30080F6
:10B190000020AFF30080AFF30080FBF719FB00F055
:10B1A00002F80120704700F001B8000000F000F83C
:10B1B00007463846F9F7A0FFFBE700001DFFFFFF39
:10B1C000A0050000240100208007000000000024EA
:10B1D000000000009B87FFFFF402000074010000E4
:10B1E00000000020AAB100088CB2000890B200084C
:10B1F00094B2000898B200089CB20008A0B20008FF
:10B20000A4B200084EF6A550CFF6F560014603B48F
:10B21000684680F30988AFF30080FFF79FFFFFF7D0
:10B22000AFFF0000024880470248804702480047BD
:10B23000BDAF000821AF000805B20008436F6E667D
:10B240006967203100000000436F6E666967203235
:10B2500000000000436F6E66696720330000000045
:10B26000436F6E666967203400000000436F6E66AE
:10B270006967203500000000436F6E6669672036FD
:10B28000000000004261636B000000004D6F6E0023
:10B29000547565005765640054687500467269000E
:10B2A0005361740053756E00FFF7FEBFFFF7FEBFDA
:10B2B000FFF7FEBFFFF7FEBFFFF7FEBFFFF7FEBFC2
:10B2C000FFF7FEBFFFF7FEBFFFF7FEBFFFF7FEBFB2
:10B2D000FFF7FEBFFFF7FEBFFFF7FEBFFFF7FEBFA2
:10B2E000FFF7FEBFFFF7FEBFFFF7FEBFFFF7FEBF92
:10B2F000FFF7FEBFFFF7FEBFFFF7FEBFFFF7FEBF82
:10B30000FFF7FEBFFFF7FEBFFFF7FEBFFFF7FEBF71
:10B31000FFF7FEBFFFF7FEBFFFF7FEBFFFF7FEBF61
:10B32000FFF7FEBFFFF7FEBFFFF7FEBFFFF7FEBF51
:10B33000FFF7FEBFFFF7FEBFFFF7FEBFFFF7FEBF41
:10B34000FFF7FEBFFFF7FEBFFFF7FEBFFFF7FEBF31
:10B35000FFF7FEBFFFF7FEBFFFF7FEBFFFF7FEBF21
:10B36000FFF7FEBFFFF7FEBFFFF7FEBFFFF7FEBF11
:10B37000FFF7FEBFFFF7FEBFFFF7FEBFFFF7FEBF01
:10B38000FFF7FEBFFFF7FEBFFFF7FEBFFFF7FEBFF1
:10B39000FFF7FEBFFFF7FEBFFFF7FEBFFFF7FEBFE1
:10B3A000FFF7FEBFFFF7FEBFFFF7FEBFFFF7FEBFD1
:10B3B000FFF7FEBFFFF7FEBFFFF7FEBFFFF7FEBFC1
:10B3C000FFF7FEBFFFF7FEBFFFF7FEBFFFF7FEBFB1
:10B3D000FFF7FEBFFFF7FEBFFFF7FEBFFFF7FEBFA1
:10B3E000FFF7FEBFFFF7FEBFFFF7FEBFFFF7FEBF91
:10B3F000FFF7FEBFFFF7FEBFFFF7FEBFFFF7FEBF81
:10B40000FFF7FEBFFFF7FEBFFFF7FEBFFFF7FEBF70
:10B41000FFF7FEBFFFF7FEBFFFF7FEBFFFF7FEBF60
:10B42000FFF7FEBFFFF7FEBFFFF7FEBFFFF7FEBF50
:10B43000FFF7FEBFFFF7FEBFFFF7FEBFFFF7FEBF40
:10B44000FFF7FEBFFFF7FEBFFFF7FEBFFFF7FEBF30
:10B45000FFF7FEBFFFF7FEBFFFF7FEBFFFF7FEBF20
:10B46000FFF7FEBFFFF7FEBFFFF7FEBFFFF7FEBF10
:10B47000FFF7FEBFFFF7FEBFFFF7FEBFFFF7FEBF00
:10B48000FFF7FEBFFFF7FEBFFFF7FEBFFFF7FEBFF0
:10B49000FFF7FEBFFFF7FEBFFFF7FEBFFFF7FEBFE0
:10B4A000FFF7FEBFFFF7FEBFFFF7FEBFFFF7FEBFD0
:10B4B000FFF7FEBFFFF7FEBFFFF7FEBFFFF7FEBFC0
:10B4C000FFF7FEBFFFF7FEBFFFF7FEBFFDFFEB007C
:10B4D000530A000A006E00320084B200080A00AA73
:10B4E00000A000EB003CB20008A500AA003B01EB65
:10B4F0000048B200084001AA00D601EB0054B20097
:10B50000080A00F500A000360160B20008A500F5A9
:10B51000003B0136016CB200084001F500D601364F
:10B520000178B20008FDFFEF00FDFFDF000001F928
:10B53000000010FC001290D0030090D003C19B00CB
:10B540000887960008D9970008E4001BABB10008F3
:10B55000ABB10008ABB10008ABB10008ABB100085B
:10B56000ABB10008ABB10008F8FF0BD64D0008AB3B
:10B57000B10008ABB10008FAFF030000FFFFFC00B8
:06B5800004FF0000D09062
:040000050800B20538
:00000001FF
